Number of Blocks, Time, Plan Length
5, 0.001130009999997128, 8
5, 0.0006797400000095877, 6
5, 0.0011659230000304888, 10
5, 0.0015767749999895386, 14
5, 0.0005910280000307466, 4
5, 0.0007323810000343656, 6
5, 0.0013019799999938186, 14
5, 0.0010639829999945505, 10
5, 0.0009385340000562792, 8
5, 0.0011768619999656948, 10
5, 0.001460598999983631, 14
5, 0.0008419680000315566, 8
5, 0.0015807229999609262, 14
5, 0.001496674999998504, 14
5, 0.0011164659999849391, 10
5, 0.0014402089999521195, 12
5, 0.000919280999937655, 8
5, 0.0016146719999596826, 14
5, 0.0013276049999149109, 14
5, 0.000721073000022443, 6
5, 0.0007944980000047508, 6
5, 0.0016728140000168423, 14
5, 0.0015167840000458455, 14
5, 0.001198540000018511, 12
5, 0.0011095120000845782, 10
5, 0.0006435980000105701, 6
5, 0.0010968889999958265, 10
5, 0.0013955220000525514, 12
5, 0.0009251630000335354, 8
5, 0.0011206149999907211, 8
5, 0.001118007999934889, 10
5, 0.0011997059999657722, 10
5, 0.0008936919999769088, 8
5, 0.0013223230000676267, 14
5, 0.0008533970000144109, 8
5, 0.0014082579999694644, 8
5, 0.0007159480001064367, 6
5, 0.0012173139999731575, 12
5, 0.0009190490000037244, 8
5, 0.001378042000055757, 12
5, 0.0004969650000248294, 4
5, 0.001281585000015184, 12
5, 0.0010960490000115897, 10
5, 0.0012077430000090317, 12
5, 0.001355516999979045, 12
5, 0.001172024999959831, 10
5, 0.0014983959999881336, 12
5, 0.000920836999966923, 8
5, 0.00101789000007102, 8
5, 0.0017020730000467665, 14
6, 0.0013056270000788572, 12
6, 0.0022001450000743716, 18
6, 0.0015287130000842808, 14
6, 0.009975350999980037, 12
6, 0.0017366939999874376, 16
6, 0.001065138999933879, 10
6, 0.0018389650000472102, 16
6, 0.001100021999945966, 10
6, 0.0015226609999672291, 14
6, 0.0017874760000040624, 18
6, 0.0013865149999219284, 12
6, 0.0020376500000338638, 16
6, 0.0015482669999755672, 14
6, 0.0020674050000479838, 16
6, 0.001962563000006412, 18
6, 0.003922126000020398, 12
6, 0.0013297079999574635, 12
6, 0.0017271890000074563, 16
6, 0.0013160380000272198, 12
6, 0.0015547960000503736, 14
6, 0.0019111840000505254, 16
6, 0.0005629879999560217, 4
6, 0.0016256679999742119, 12
6, 0.0013139120000005278, 12
6, 0.0008402070000101958, 8
6, 0.0017216310000094381, 16
6, 0.0028278049999244104, 14
6, 0.004468590999977096, 12
6, 0.0019222940001100142, 16
6, 0.0009722490000285688, 8
6, 0.0013947310000048674, 10
6, 0.0019538669999974445, 12
6, 0.0013184290000936016, 12
6, 0.0017759529999921142, 14
6, 0.002075510000054237, 14
6, 0.0014844750000975182, 14
6, 0.0022638960000449515, 16
6, 0.0030207490000293546, 16
6, 0.0015801609999925859, 14
6, 0.001342517000011867, 12
6, 0.001707272000089688, 16
6, 0.0010961450000195327, 8
6, 0.0016158050000285584, 14
6, 0.0017624009999508417, 16
6, 0.0013282649999837304, 10
6, 0.0014829449999069766, 12
6, 0.001805792999903133, 16
6, 0.008508753999990404, 18
6, 0.0015338160000055723, 16
6, 0.0015790899999501562, 14
7, 0.001377236000053017, 12
7, 0.0020831740000630816, 20
7, 0.0025296109999999317, 22
7, 0.0013565460000108942, 12
7, 0.0020515890000751824, 18
7, 0.0015611000000035347, 14
7, 0.001352505999989262, 12
7, 0.001387396000041008, 12
7, 0.0016730019999613432, 14
7, 0.001732704999994894, 14
7, 0.002039999999965403, 18
7, 0.002151909999952295, 20
7, 0.0017369749999716078, 16
7, 0.0019459869999991497, 18
7, 0.001768268999967404, 18
7, 0.0017564260000426657, 16
7, 0.00161401200000455, 12
7, 0.0016233110000030138, 14
7, 0.0018166290000181107, 16
7, 0.002494491999982529, 22
7, 0.0017246190000150818, 14
7, 0.003450011999916569, 18
7, 0.0017599750000272252, 18
7, 0.0017166769999903408, 16
7, 0.00206667399993421, 20
7, 0.0015311360000396235, 12
7, 0.001762972000051377, 16
7, 0.0017720779999308434, 16
7, 0.0011601660000906122, 10
7, 0.0026744520000647753, 18
7, 0.0017246539999860033, 14
7, 0.0020249299999477444, 18
7, 0.0017451129999699333, 16
7, 0.0021030030000019906, 16
7, 0.0018357290000494686, 16
7, 0.0013866340000276978, 14
7, 0.0015516209999759667, 14
7, 0.001816370999904393, 16
7, 0.0019812499999716238, 18
7, 0.0027849460000197723, 10
7, 0.0014632649999839487, 14
7, 0.007304826999984471, 20
7, 0.0017445790000465422, 16
7, 0.002163849999988088, 20
7, 0.002192808000017976, 20
7, 0.0016628250000394473, 14
7, 0.0014858459999231854, 14
7, 0.00238326600003802, 16
7, 0.002194318999954703, 18
7, 0.0011417150000170295, 10
8, 0.0018527569999378102, 16
8, 0.0015711540000893365, 14
8, 0.002369549000036386, 14
8, 0.0017818039999610846, 16
8, 0.0019528039999840985, 18
8, 0.0019971209999312123, 18
8, 0.003088854999987234, 26
8, 0.0028911310000694357, 24
8, 0.0020236119999026414, 18
8, 0.001642039999978806, 14
8, 0.0026736679999430635, 20
8, 0.0018993669999645135, 18
8, 0.008231937000005018, 18
8, 0.0014705610000191882, 14
8, 0.0018431199999895398, 18
8, 0.0016373500000099739, 14
8, 0.001763419999974758, 16
8, 0.0023296939999681854, 20
8, 0.002903168999978334, 26
8, 0.0015310429999999542, 10
8, 0.0018248849999054073, 16
8, 0.003993150000042078, 14
8, 0.0014317769999934171, 12
8, 0.0021459299999833092, 18
8, 0.001812609000012344, 16
8, 0.0022140479999279705, 20
8, 0.002121473999977752, 16
8, 0.0013043529999094972, 12
8, 0.0014459379999607336, 12
8, 0.0031072780000158673, 20
8, 0.0015989009999657355, 16
8, 0.005590436999909798, 18
8, 0.0017004689999566835, 16
8, 0.0025926710000021558, 18
8, 0.002384180000035485, 20
8, 0.002802293999934591, 26
8, 0.002810352999972565, 26
8, 0.0018022430000428358, 16
8, 0.0026767540000491863, 22
8, 0.0018044950001012694, 16
8, 0.00979727100002492, 18
8, 0.0018486349999875529, 16
8, 0.002928834999920582, 24
8, 0.0017701030000125684, 14
8, 0.0020759369999723276, 14
8, 0.002955735000000459, 20
8, 0.0021822910000537377, 20
8, 0.0021530270000766905, 18
8, 0.009096333999991657, 22
8, 0.0024584840000443364, 22
9, 0.0018089809999537465, 14
9, 0.003035800000020572, 22
9, 0.0031337469999925816, 22
9, 0.002509647000010773, 22
9, 0.0027057180000156222, 24
9, 0.002802837000103864, 22
9, 0.001869762000069386, 16
9, 0.0018837459999758721, 16
9, 0.0071345730000302865, 22
9, 0.001987740999993548, 18
9, 0.002890411999942444, 26
9, 0.0026287310000725483, 24
9, 0.0029908330000125716, 28
9, 0.0028801039999279965, 26
9, 0.0027065329999231835, 24
9, 0.0026997830000254908, 24
9, 0.003487646000053246, 26
9, 0.007028745999946295, 20
9, 0.0024239420000640166, 22
9, 0.0019444019999355078, 18
9, 0.0024523990000488993, 20
9, 0.0022358240000812657, 20
9, 0.0026751369999828967, 24
9, 0.0020046610000008513, 18
9, 0.0026443049999897994, 24
9, 0.0023981609999736975, 20
9, 0.00220149599999786, 20
9, 0.001630259000080514, 14
9, 0.00203903299996, 18
9, 0.0019416889999774867, 14
9, 0.0026689649999980247, 24
9, 0.001869725999995353, 16
9, 0.002851478000025054, 26
9, 0.0024364139999306644, 22
9, 0.002442513999994844, 22
9, 0.003829024999959074, 22
9, 0.0023098079999499532, 22
9, 0.0018522179999536093, 16
9, 0.0019489899999598492, 16
9, 0.0021883000000570973, 20
9, 0.0024003639999818915, 22
9, 0.0024695859999610548, 22
9, 0.004560004000040863, 26
9, 0.0038327769999568773, 24
9, 0.0024940069999956904, 22
9, 0.0016459270000268589, 14
9, 0.007474623000007341, 18
9, 0.002246572999979435, 20
9, 0.0026471789999504836, 24
9, 0.0020367319999650135, 18
10, 0.0032818900000393114, 28
10, 0.0027148980000220035, 24
10, 0.002355563000037364, 18
10, 0.0031863039999961984, 24
10, 0.002162442999974701, 18
10, 0.01001671099993473, 24
10, 0.0034168539999654968, 26
10, 0.002096628000003875, 20
10, 0.005763641000044117, 28
10, 0.002366971000014928, 22
10, 0.004475310999964677, 30
10, 0.0031480600000577397, 28
10, 0.0027425360000279397, 24
10, 0.005521130999909474, 34
10, 0.0030444730000454, 22
10, 0.002527269999973214, 20
10, 0.003045269000040207, 22
10, 0.0030050919999666803, 26
10, 0.0036101360000202476, 32
10, 0.0027505489999839483, 24
10, 0.003165634999959366, 28
10, 0.0030924420000246755, 28
10, 0.003561414999921908, 22
10, 0.004122352999957002, 18
10, 0.0032981250000148066, 28
10, 0.0028823569999758547, 26
10, 0.0033058290000553825, 30
10, 0.011128197000061846, 34
10, 0.0030984210000042367, 28
10, 0.0027178929999536194, 24
10, 0.0026737419999562917, 24
10, 0.0028679099999635582, 26
10, 0.00289483200003815, 26
10, 0.0026955870000620052, 24
10, 0.0032702050000352756, 28
10, 0.0057569110000486035, 32
10, 0.0039044179999336848, 34
10, 0.002641097999912745, 24
10, 0.0037820590000592347, 30
10, 0.003141562999985581, 28
10, 0.0036355720000074143, 30
10, 0.0025934779999943203, 22
10, 0.0031749769999578348, 28
10, 0.0032937940000010713, 28
10, 0.0030882309999924473, 28
10, 0.0018748930000356268, 16
10, 0.003998552999973981, 26
10, 0.0026027039999689805, 22
10, 0.002753945999984353, 24
10, 0.002450578999969366, 22
11, 0.002952634000052967, 22
11, 0.008490416000086043, 22
11, 0.003687251999963337, 30
11, 0.0026275959999111365, 24
11, 0.0030512810000118407, 28
11, 0.004129586999965795, 34
11, 0.003236430000015389, 28
11, 0.006799949999958699, 24
11, 0.0070346549999840136, 26
11, 0.0037028479999889896, 30
11, 0.007532786000069791, 32
11, 0.0033640409999406984, 30
11, 0.003259691000039311, 28
11, 0.00397679299999254, 32
11, 0.0027457479999384304, 24
11, 0.0032520309999881647, 28
11, 0.005068824999966637, 34
11, 0.003272471999935078, 28
11, 0.003045870999926592, 26
11, 0.004789068000036423, 32
11, 0.0036689780000642713, 32
11, 0.002279444999999214, 20
11, 0.002404126999977052, 22
11, 0.010066802999972424, 28
11, 0.004408022000006895, 32
11, 0.0038967550000279516, 24
11, 0.003314422000016748, 30
11, 0.0028609839999944597, 20
11, 0.004778246000000763, 38
11, 0.0030794110000442743, 28
11, 0.009488951999969686, 20
11, 0.0028236430000561086, 24
11, 0.0038640989999976227, 34
11, 0.0030533670000068014, 26
11, 0.002971041999899171, 26
11, 0.004460732999973516, 32
11, 0.0044671960000641775, 36
11, 0.003144743000007111, 26
11, 0.004850016999967011, 34
11, 0.004699275000007219, 32
11, 0.0034294609999960812, 30
11, 0.00319439199995486, 26
11, 0.002745885999956954, 24
11, 0.003384303999951044, 28
11, 0.005553439999971488, 26
11, 0.0062862800000402785, 34
11, 0.003422913999997945, 22
11, 0.0035146049999639217, 28
11, 0.004048248000003696, 34
11, 0.004160837999961586, 32
12, 0.011834604000000581, 34
12, 0.008544847999928606, 32
12, 0.0038993379999965327, 34
12, 0.005821311999966383, 34
12, 0.003908094000053097, 34
12, 0.004511965000006057, 32
12, 0.004161954999972295, 30
12, 0.0068080849999887505, 42
12, 0.004237543000044752, 36
12, 0.003783522999924571, 32
12, 0.00446548200000052, 36
12, 0.0032246890000351414, 28
12, 0.0028082769999855373, 24
12, 0.0048589909999918746, 32
12, 0.004388398000060079, 26
12, 0.008122935999949732, 30
12, 0.0030321739999408237, 26
12, 0.0032593789999282308, 26
12, 0.003805218000024979, 30
12, 0.0032949520000329358, 28
12, 0.0033327359999475448, 28
12, 0.010329418999958762, 30
12, 0.0016887939999605805, 12
12, 0.004449379999982739, 26
12, 0.0032818050000287258, 28
12, 0.0035326180000083696, 32
12, 0.003756829999929323, 34
12, 0.0025970729999471587, 20
12, 0.010349092000069504, 32
12, 0.004110640000021704, 36
12, 0.004059368999946855, 34
12, 0.004539936000014677, 38
12, 0.003786125999909018, 32
12, 0.002690928999982134, 22
12, 0.005041783000024225, 32
12, 0.003652526999985639, 32
12, 0.0036830000000236396, 32
12, 0.0026833130000341043, 22
12, 0.0034670350000851613, 30
12, 0.0033317479999368516, 28
12, 0.0025715369999943505, 22
12, 0.005925357000023723, 28
12, 0.010049346999949194, 30
12, 0.002654843000073015, 22
12, 0.003786965000017517, 32
12, 0.006845885000075214, 34
12, 0.0066940840000597746, 28
12, 0.004014235999989069, 34
12, 0.004547031000015522, 32
12, 0.003583571999911328, 32
13, 0.005359222000038244, 38
13, 0.004228971999964415, 36
13, 0.00849986900004751, 32
13, 0.004143673000044146, 34
13, 0.007074489000046924, 38
13, 0.004029317999993509, 34
13, 0.0038383300000077725, 32
13, 0.0032841589999179632, 26
13, 0.007013002000007873, 32
13, 0.0061184819999198226, 40
13, 0.007229472000062742, 36
13, 0.005182050000030358, 44
13, 0.004115252000019609, 34
13, 0.01043301300001076, 30
13, 0.004427209000027688, 38
13, 0.004076734000022952, 34
13, 0.003943012000036106, 34
13, 0.005163802999959444, 40
13, 0.004312579000043115, 34
13, 0.004369179000036638, 38
13, 0.008806541000012658, 30
13, 0.008449139999925137, 28
13, 0.005491480000046067, 30
13, 0.006784536000054686, 32
13, 0.003413118000025861, 30
13, 0.012204943000028834, 30
13, 0.006078799999954754, 34
13, 0.004408682000075714, 38
13, 0.00313107800002399, 26
13, 0.004610091000017746, 30
13, 0.0073316479999903095, 40
13, 0.0042710379999562065, 34
13, 0.005161246000056963, 40
13, 0.003914564999945469, 32
13, 0.007220357000051081, 30
13, 0.006149930999981734, 36
13, 0.007709265000016785, 34
13, 0.010085488999948211, 32
13, 0.005335775999924408, 30
13, 0.008917986000028577, 24
13, 0.004345714000010048, 36
13, 0.01237361999994846, 32
13, 0.05476483300003565, 30
13, 0.0043438200000309735, 36
13, 0.004251898999996229, 36
13, 0.004095511999935297, 36
13, 0.010582813999917562, 38
13, 0.009547189000045364, 26
13, 0.005566026999986207, 38
13, 0.0041026439999996, 28
14, 0.00485972599994966, 36
14, 0.005181376999985332, 44
14, 0.004958256000008987, 30
14, 0.0057405530000096405, 36
14, 0.004737666999972134, 38
14, 0.00378657999999632, 30
14, 0.004760173000022405, 42
14, 0.005357025999956022, 32
14, 0.006510035000019343, 32
14, 0.011722228000053292, 30
14, 0.006791853999970954, 32
14, 0.006294455999977799, 32
14, 0.006363318000012441, 44
14, 0.009997338000061973, 38
14, 0.008879223999997521, 38
14, 0.0036767560000043886, 30
14, 0.008587808000015684, 34
14, 0.0049716940000053, 36
14, 0.00583830499999749, 40
14, 0.004679850999991686, 32
14, 0.010658159000058731, 40
14, 0.00579201200002899, 40
14, 0.004646645999969223, 40
14, 0.014236129000096298, 38
14, 0.007132242000011502, 36
14, 0.004150236999976187, 36
14, 0.0052071720000412824, 44
14, 0.004376091000040105, 36
14, 0.004767457000070863, 32
14, 0.00586781799995606, 40
14, 0.00436174099991149, 36
14, 0.0068317139999862775, 38
14, 0.004036948000020857, 34
14, 0.00389610900003845, 32
14, 0.009914271999946322, 30
14, 0.005060771999978897, 40
14, 0.004822412999942571, 42
14, 0.0042005909999716096, 36
14, 0.005517396999948687, 38
14, 0.011473159999923155, 44
14, 0.005662393000079646, 32
14, 0.0036767130000043835, 30
14, 0.004599685999892245, 40
14, 0.0034215040000162844, 28
14, 0.004162285999996129, 34
14, 0.005382222000093861, 46
14, 0.012121997000008378, 36
14, 0.003920513000025494, 32
14, 0.004368810999949346, 36
14, 0.004746482999962609, 36
15, 0.004920277999985956, 38
15, 0.005505588000005446, 42
15, 0.008837230000040108, 46
15, 0.004653407999967385, 36
15, 0.00608419800005322, 48
15, 0.005647323000061988, 46
15, 0.004683605999957763, 38
15, 0.005910707999987608, 38
15, 0.006272698000088894, 38
15, 0.005955794999977115, 42
15, 0.0035221269999965443, 28
15, 0.004710402000000613, 38
15, 0.009270140000012361, 54
15, 0.011857728999984829, 44
15, 0.004897942999946281, 34
15, 0.006128042000000278, 44
15, 0.004966453000065485, 40
15, 0.00585064099993815, 44
15, 0.009991382999942289, 38
15, 0.005006036999930075, 40
15, 0.0052196380000850695, 40
15, 0.006422346000022117, 48
15, 0.004362958999990951, 36
15, 0.007875302000002193, 40
15, 0.0048152950000712735, 40
15, 0.003756769999995413, 32
15, 0.004915355999969506, 42
15, 0.007466486999987865, 46
15, 0.010876758999984304, 40
15, 0.004095526000014615, 34
15, 0.004727703999947153, 40
15, 0.0057017060000816855, 38
15, 0.006180556999993314, 40
15, 0.00997572299991134, 42
15, 0.005624986000043464, 42
15, 0.005086966000021675, 42
15, 0.00420039599998745, 34
15, 0.014906816000006984, 40
15, 0.011286122000001342, 36
15, 0.00409785399995144, 30
15, 0.004435833999991701, 38
15, 0.005719134999935704, 42
15, 0.012057948000006036, 42
15, 0.006115971999975045, 42
15, 0.006328098000039972, 50
15, 0.006700894000005064, 46
15, 0.004564881000078458, 36
15, 0.007503455000005488, 44
15, 0.004125429000055192, 34
15, 0.003378697000016473, 24
16, 0.005440208999971219, 46
16, 0.0039687400000048, 32
16, 0.004528884000023936, 38
16, 0.013858262999974613, 42
16, 0.005430556000078468, 44
16, 0.005937507999988156, 38
16, 0.005089719000011428, 42
16, 0.005432490000089274, 46
16, 0.008017885999947794, 48
16, 0.007954096000048594, 52
16, 0.00945600199997898, 38
16, 0.004926862999923287, 38
16, 0.005620239999984733, 44
16, 0.009979693000104817, 44
16, 0.004534301999910895, 36
16, 0.007790653000029124, 46
16, 0.005431284999986019, 44
16, 0.01261993100001746, 44
16, 0.004301873999907002, 34
16, 0.0048621250000451255, 40
16, 0.005083921999926133, 40
16, 0.005072795999922164, 42
16, 0.006736127000067427, 36
16, 0.009185545000036655, 38
16, 0.0070297339999569886, 44
16, 0.005488313999990169, 42
16, 0.005637609000018529, 42
16, 0.004608809000046676, 38
16, 0.008768169000063608, 44
16, 0.0052759349999860206, 42
16, 0.004699856999991425, 38
16, 0.005175039000050674, 42
16, 0.005704723000008016, 46
16, 0.0052370789999258704, 42
16, 0.006565160000036485, 50
16, 0.006547296999997343, 52
16, 0.005175155000074483, 42
16, 0.005636724999931175, 46
16, 0.005117143999996188, 42
16, 0.00652391800008445, 38
16, 0.005206608999969831, 38
16, 0.005463803999987249, 42
16, 0.00663605500005815, 52
16, 0.005519449000075838, 44
16, 0.014674813999931757, 46
16, 0.005743542999994133, 46
16, 0.0045723550000502655, 36
16, 0.008226576999959434, 46
16, 0.005601919000014277, 46
16, 0.01185918600003788, 38
17, 0.00635009200004788, 52
17, 0.006456257000081678, 52
17, 0.004812174999983654, 40
17, 0.010677429999986998, 36
17, 0.013719726999966042, 46
17, 0.009489364000046407, 54
17, 0.0062511590000440265, 48
17, 0.00578434900000957, 44
17, 0.008985499000004893, 44
17, 0.00642999100000452, 44
17, 0.00836233200004699, 44
17, 0.006218435999926442, 44
17, 0.004214448999960041, 34
17, 0.014082207999990715, 50
17, 0.009977361999972345, 48
17, 0.0068219249999401654, 48
17, 0.00724323600002208, 46
17, 0.007913801000086096, 44
17, 0.009728276000032565, 42
17, 0.004992441000013059, 42
17, 0.006581946999972388, 52
17, 0.006728984000005767, 48
17, 0.007169288999989476, 58
17, 0.006320556000105171, 50
17, 0.007584841999914715, 42
17, 0.005775154000048133, 46
17, 0.014208983999992597, 44
17, 0.0072481189999962226, 40
17, 0.005358559000001151, 32
17, 0.005140304999940781, 42
17, 0.005147680000050059, 42
17, 0.009028506000049674, 34
17, 0.006960267999943426, 50
17, 0.005278262999922845, 42
17, 0.005425976999958948, 40
17, 0.006760505999977795, 54
17, 0.014420732999951724, 42
17, 0.008021437000024889, 48
17, 0.005700816999933522, 44
17, 0.008309098999916387, 52
17, 0.014679567000030147, 46
17, 0.007808560000057696, 52
17, 0.006610355000020718, 52
17, 0.007104995000076997, 56
17, 0.006417965999958142, 50
17, 0.011448479000023326, 44
17, 0.005267842999955974, 42
17, 0.0051988980000032825, 42
17, 0.004707133000010799, 32
17, 0.0172419020000234, 48
18, 0.005690308999987792, 40
18, 0.007453708999946684, 50
18, 0.006785414999967543, 54
18, 0.01605459300003531, 52
18, 0.007934764999959043, 44
18, 0.007674689000054968, 52
18, 0.006565141999999469, 46
18, 0.012359392000007574, 52
18, 0.006118766999975378, 46
18, 0.006137462999959098, 50
18, 0.004863648999958059, 38
18, 0.008267374999945787, 52
18, 0.00849582000000737, 48
18, 0.006269658999940475, 42
18, 0.007497080000007372, 52
18, 0.012402004000023226, 44
18, 0.00605848399993647, 46
18, 0.020513505000053556, 54
18, 0.01566716499996801, 58
18, 0.006915143000014723, 54
18, 0.014401201000055153, 60
18, 0.0063542940000616, 46
18, 0.00605594299997847, 48
18, 0.005644994000022052, 42
18, 0.006364010999959646, 48
18, 0.005920128999946428, 46
18, 0.00924086800000623, 54
18, 0.007790902000010647, 54
18, 0.009250474000054965, 44
18, 0.00953292900010183, 52
18, 0.00991988400005539, 50
18, 0.010566390000008141, 54
18, 0.005086526000013691, 40
18, 0.006365892000076201, 38
18, 0.01666434300000219, 42
18, 0.017201215000000047, 54
18, 0.0074559619999945426, 38
18, 0.00869212999998581, 44
18, 0.006464809000021887, 50
18, 0.006400886000051287, 48
18, 0.008312281000030453, 54
18, 0.017925929000057295, 54
18, 0.004930218000026798, 34
18, 0.005478005999975721, 42
18, 0.004968517000065731, 38
18, 0.008578188999990743, 60
18, 0.00656663799998114, 48
18, 0.010882620000074894, 52
18, 0.01163456100005078, 56
18, 0.01893625500008511, 44
19, 0.013648763999981384, 54
19, 0.010655363999944711, 60
19, 0.017631235999942874, 58
19, 0.00848620600004324, 58
19, 0.008436843000026784, 62
19, 0.008895187000007354, 58
19, 0.007143038999970486, 48
19, 0.010948679999955857, 60
19, 0.008691310000017438, 48
19, 0.008942116999946847, 46
19, 0.006829012000025614, 50
19, 0.007042435000016667, 52
19, 0.005723012999965249, 44
19, 0.0093758399999615, 48
19, 0.014587799999958406, 62
19, 0.007521203000010246, 54
19, 0.007444878000001154, 56
19, 0.012325019000059001, 56
19, 0.013784644999986995, 48
19, 0.01375796199999968, 60
19, 0.014332209999906809, 44
19, 0.008748936000074536, 58
19, 0.00681223999993108, 48
19, 0.011097056000039629, 56
19, 0.014267267000036554, 56
19, 0.008390508000047703, 60
19, 0.009389854000005471, 54
19, 0.01646137800003089, 62
19, 0.00822504799998569, 50
19, 0.009749827000064215, 56
19, 0.00890171100002135, 52
19, 0.012044277999962105, 50
19, 0.005668575999948189, 38
19, 0.007465374000048541, 52
19, 0.011327242999982445, 54
19, 0.006503413000018554, 50
19, 0.006790603000013107, 52
19, 0.0072684960000515275, 50
19, 0.008139064000033613, 54
19, 0.011561046999986502, 52
19, 0.0083650150000949, 60
19, 0.006304618000058326, 50
19, 0.006742863999988913, 52
19, 0.01176169600000776, 62
19, 0.006829952999964917, 50
19, 0.00795864100007293, 48
19, 0.012509634000025471, 50
19, 0.0073029990001032274, 56
19, 0.007113098999980139, 54
19, 0.00603226500004439, 44
20, 0.007107320000045547, 54
20, 0.01081774800002222, 58
20, 0.007576751999977205, 54
20, 0.009206135999988874, 64
20, 0.008380478000049152, 58
20, 0.015486403999943832, 58
20, 0.005980986000054145, 44
20, 0.00729351500001485, 56
20, 0.006154564999974355, 48
20, 0.01671133899992583, 62
20, 0.006730779999998049, 44
20, 0.007750302000090414, 54
20, 0.022208438000006936, 60
20, 0.014667015999975774, 56
20, 0.015676749000022028, 60
20, 0.01278767299993433, 54
20, 0.016802218999941942, 50
20, 0.011389925000003132, 56
20, 0.011671111999930872, 54
20, 0.019149530000049708, 66
20, 0.01319638200004647, 50
20, 0.006377693999979783, 44
20, 0.007079892999968251, 52
20, 0.015905008000004273, 50
20, 0.008213448999981665, 56
20, 0.01061107999998967, 52
20, 0.019594608000033986, 50
20, 0.012980295999909686, 48
20, 0.011308734000067489, 64
20, 0.017741087999979754, 52
20, 0.009704705999979524, 58
20, 0.017585168999971756, 58
20, 0.007464266999932079, 56
20, 0.01705002500000319, 52
20, 0.012244186999964768, 50
20, 0.00887249899994913, 58
20, 0.007872590000033597, 40
20, 0.011566678999997748, 52
20, 0.01135221200001979, 56
20, 0.011493154000049799, 60
20, 0.015261417000033362, 56
20, 0.011112752000030923, 62
20, 0.008694633000004615, 46
20, 0.01299952299996221, 56
20, 0.01297592599996733, 48
20, 0.011190819999910673, 62
20, 0.011210273999950005, 44
20, 0.013518309999994926, 56
20, 0.006968952000079298, 52
20, 0.006614425999941886, 48
25, 0.017225702000018828, 72
25, 0.0206152989999282, 72
25, 0.01819589600006566, 64
25, 0.009661259000040445, 66
25, 0.016477057999964018, 72
25, 0.020745835999946394, 72
25, 0.013989949000006163, 64
25, 0.011457440999947721, 74
25, 0.018950715999949352, 78
25, 0.015345226000022194, 68
25, 0.01618564199998218, 62
25, 0.01578992100007781, 74
25, 0.02828584899998532, 76
25, 0.012786312999992333, 78
25, 0.01554200700002184, 62
25, 0.019781725000029837, 80
25, 0.020424517000037667, 62
25, 0.02070099900004152, 74
25, 0.017158337999944706, 64
25, 0.01904976200000874, 78
25, 0.019455503000017416, 76
25, 0.012495779999994738, 74
25, 0.011056753000048047, 74
25, 0.010563974999968195, 66
25, 0.014198903999954382, 70
25, 0.013980119000052582, 68
25, 0.013101071000050979, 60
25, 0.012652752999997574, 62
25, 0.009498764999989362, 64
25, 0.011975455999959195, 82
25, 0.016070912000031967, 72
25, 0.011643313999911697, 78
25, 0.013217490999977599, 76
25, 0.011076763000005485, 74
25, 0.01060555700007626, 66
25, 0.011132237000083478, 72
25, 0.01801637899995967, 80
25, 0.011277629000005618, 74
25, 0.009909765999964293, 64
25, 0.015242592000049626, 74
25, 0.012604338999949505, 72
25, 0.008570413000029475, 58
25, 0.014354028999946422, 64
25, 0.012599840999996559, 72
25, 0.008752920999995695, 62
25, 0.018509762000007868, 78
25, 0.008766379999997298, 62
25, 0.01042720600003122, 74
25, 0.015638318000014806, 56
25, 0.009221810999974878, 62
30, 0.010748164000006, 72
30, 0.018411185999980262, 94
30, 0.013489214000060201, 88
30, 0.01595282400000997, 96
30, 0.01664845699997386, 100
30, 0.013797777000036149, 84
30, 0.015394134999951348, 84
30, 0.012857872000040516, 86
30, 0.016395025999941026, 98
30, 0.012141722000023947, 78
30, 0.014435814999956165, 96
30, 0.019079898999962097, 88
30, 0.012396963000014694, 82
30, 0.015389393999953427, 88
30, 0.016695651999953043, 84
30, 0.015041800000062722, 94
30, 0.01847183999996105, 90
30, 0.013652878000016244, 90
30, 0.017406759999971655, 88
30, 0.013291000000094755, 88
30, 0.012609604999965995, 80
30, 0.020006695000006403, 76
30, 0.014600811000036629, 96
30, 0.017574413999909666, 90
30, 0.015643679000049815, 102
30, 0.0140297540000347, 92
30, 0.015364955000109148, 74
30, 0.013645161999988886, 90
30, 0.016632338000022173, 82
30, 0.012413328999969053, 82
30, 0.012605452000002515, 78
30, 0.018725430000017695, 88
30, 0.013260837999951036, 86
30, 0.015023348999989139, 84
30, 0.012440341000001354, 82
30, 0.012734183000020494, 84
30, 0.018583226000032482, 98
30, 0.015577445999952033, 76
30, 0.015716117000010854, 84
30, 0.014042094000046745, 92
30, 0.013277957000013885, 88
30, 0.017451607999987573, 98
30, 0.013911017000054926, 92
30, 0.013104174999966745, 86
30, 0.016877007999937632, 94
30, 0.011473550999994586, 68
30, 0.011791609999932007, 76
30, 0.01841251199994076, 92
30, 0.013926570999956311, 92
30, 0.020084158000031493, 104
35, 0.018601751000005606, 110
35, 0.022460496999997304, 94
35, 0.015871876000005614, 98
35, 0.022394706000000042, 106
35, 0.016581383000016103, 104
35, 0.020133000999976502, 106
35, 0.015545742000085738, 98
35, 0.020805855000048723, 106
35, 0.015398400999970363, 96
35, 0.016843054999981177, 104
35, 0.02270320599996012, 104
35, 0.01974657499999921, 110
35, 0.016837071000054493, 104
35, 0.01782727700003761, 110
35, 0.023290535000001, 108
35, 0.01627726000003804, 102
35, 0.023245100000053753, 100
35, 0.015147490999993352, 94
35, 0.019952067999952305, 94
35, 0.017644470999925943, 110
35, 0.02336217000004126, 100
35, 0.01764750899997125, 110
35, 0.022803260999921804, 100
35, 0.017962555000053726, 112
35, 0.019569406000073286, 114
35, 0.014127338999969652, 90
35, 0.021494255000106932, 106
35, 0.018308248000039384, 112
35, 0.019312831999968694, 100
35, 0.01757591099999445, 108
35, 0.020758837000016683, 100
35, 0.018427332999976898, 110
35, 0.0195499070000551, 108
35, 0.018367740000030608, 112
35, 0.030801960999951916, 114
35, 0.018283209999935934, 100
35, 0.015774420000070677, 98
35, 0.017508614000007583, 106
35, 0.021361277999972117, 98
35, 0.016785490000074788, 100
35, 0.02040826199993262, 108
35, 0.016582913999968696, 104
35, 0.02297688199996628, 118
35, 0.014395236000041223, 88
35, 0.023096110999972552, 108
35, 0.01809425999999803, 112
35, 0.017770755000015015, 96
35, 0.01677888599999733, 94
35, 0.02485806300001059, 118
35, 0.01787855700001728, 112
40, 0.02231955399997787, 118
40, 0.02241231899995455, 122
40, 0.023927494000076877, 108
40, 0.02547434999996767, 116
40, 0.019580815000040275, 116
40, 0.02835378099996433, 122
40, 0.020586533000027885, 122
40, 0.028133232000072894, 122
40, 0.019385429000067234, 110
40, 0.029469478000009985, 132
40, 0.02529033599989816, 122
40, 0.020450135000032788, 118
40, 0.027067203000001427, 122
40, 0.02283462600007624, 120
40, 0.02078517400002511, 120
40, 0.027120313000068563, 136
40, 0.021299049999925046, 124
40, 0.03022340899997289, 126
40, 0.029244805999951495, 134
40, 0.022740577999911693, 132
40, 0.031179252000015367, 118
40, 0.02630844700001944, 126
40, 0.024894512000059876, 118
40, 0.04491438400009429, 134
40, 0.043020726000008835, 132
40, 0.03238413200006107, 118
40, 0.041798183000082645, 128
40, 0.03687398200008829, 112
40, 0.04741545000001679, 126
40, 0.021519421999983024, 114
40, 0.03696144700006698, 126
40, 0.032140382999955364, 124
40, 0.04571991700004219, 122
40, 0.03560758100002204, 114
40, 0.04013675000010153, 132
40, 0.02075086399997872, 112
40, 0.03152689000000919, 122
40, 0.03400958499992157, 132
40, 0.043051993000062794, 132
40, 0.034240990999933274, 128
40, 0.029317859999991924, 132
40, 0.03374901000006503, 122
40, 0.04176070400001208, 128
40, 0.02624845100001494, 110
40, 0.023115441999948416, 122
40, 0.038684407000005194, 134
40, 0.03150258200003009, 132
40, 0.0199644360000093, 108
40, 0.028508792000025096, 132
40, 0.02720444600004157, 126
45, 0.032316027999968355, 138
45, 0.025752721000003476, 136
45, 0.026507779999974446, 130
45, 0.03261904900000445, 146
45, 0.03485463200001959, 152
45, 0.028084915000022193, 150
45, 0.030620204999991074, 140
45, 0.035719799000048624, 144
45, 0.03304176099993583, 136
45, 0.03141395800003011, 142
45, 0.03587379800001145, 126
45, 0.026944135999997343, 138
45, 0.03229702099997667, 146
45, 0.03142046899995421, 136
45, 0.027818045999993046, 132
45, 0.036316175000024487, 154
45, 0.03177683600006276, 132
45, 0.03284368699996776, 136
45, 0.026412556999957815, 132
45, 0.032209246999968855, 142
45, 0.03393364099997598, 140
45, 0.03028127000004588, 126
45, 0.03224462399998629, 138
45, 0.02561901299998226, 132
45, 0.031592582000030234, 146
45, 0.03215319100002034, 138
45, 0.026903361999984554, 142
45, 0.03340530700006639, 142
45, 0.02985260200000539, 140
45, 0.03129714799990779, 154
45, 0.025000896000051398, 132
45, 0.030122848000019076, 132
45, 0.028081092000093122, 132
45, 0.027285343000016837, 134
45, 0.03606792499999756, 148
45, 0.027122211000005336, 130
45, 0.029813685999897643, 134
45, 0.02702896599998894, 144
45, 0.03249241299999994, 128
45, 0.03346327300005214, 148
45, 0.03494903400007843, 138
45, 0.02607113199997002, 142
45, 0.030930955000030735, 150
45, 0.028622827999924993, 120
45, 0.033579144000100314, 152
45, 0.028733357999954023, 136
45, 0.03149244200005796, 136
45, 0.02601905300002727, 130
45, 0.027223605000017415, 144
45, 0.02787375200000497, 134
50, 0.037450337999985095, 146
50, 0.032839069000033305, 138
50, 0.03022440799998094, 152
50, 0.034933436000073925, 158
50, 0.034332278999954724, 150
50, 0.036501547000057144, 154
50, 0.031051327999989553, 148
50, 0.032299660000035146, 140
50, 0.031641146999959346, 160
50, 0.03782157600005576, 166
50, 0.03984869800001434, 164
50, 0.02979185200001666, 142
50, 0.03721471100004692, 146
50, 0.03256505499996365, 158
50, 0.035577945999989424, 154
50, 0.032183842999984336, 152
50, 0.03269216099999994, 170
50, 0.03337062799994328, 154
50, 0.035888548999992054, 160
50, 0.03377029900002526, 150
50, 0.03721507600005225, 158
50, 0.03899547999992592, 166
50, 0.033872907000045416, 164
50, 0.0304560390000006, 158
50, 0.03546702999994977, 164
50, 0.03505201499990562, 168
50, 0.04290069700005006, 158
50, 0.037809214999924734, 160
50, 0.029659176999984993, 142
50, 0.03382226600001559, 154
50, 0.028077836999955252, 146
50, 0.035278112000014517, 162
50, 0.03294761899996956, 154
50, 0.03526735900004496, 152
50, 0.03618320600003244, 160
50, 0.035866252999994686, 166
50, 0.03442709900002683, 168
50, 0.02948260499999833, 154
50, 0.03800573399996665, 168
50, 0.02851741899996796, 150
50, 0.0430749150000338, 160
50, 0.0396580049999784, 166
50, 0.03607595300002231, 156
50, 0.038356874000101016, 158
50, 0.032505506999996214, 154
50, 0.032537865999984206, 164
50, 0.03565480400004617, 158
50, 0.041567941000039355, 164
50, 0.038833349000015005, 168
50, 0.04034671099998377, 164
60, 0.04375907799999368, 172
60, 0.044593837999968855, 188
60, 0.04967702800001916, 198
60, 0.055462246000047344, 210
60, 0.04475578599999608, 194
60, 0.04853052700002536, 182
60, 0.04857698299997537, 188
60, 0.05218429499996091, 192
60, 0.047658135999995466, 188
60, 0.04803282399996078, 182
60, 0.04659207999998216, 190
60, 0.04963939599997502, 192
60, 0.05106192000005194, 172
60, 0.052553042999988975, 188
60, 0.04635731799999121, 188
60, 0.05461185100000421, 198
60, 0.051399243000105344, 194
60, 0.04981772500002535, 194
60, 0.05645425299996987, 194
60, 0.046068077000086305, 190
60, 0.04902773399999205, 208
60, 0.045196164999993016, 188
60, 0.048130247000017334, 192
60, 0.05055955900002118, 208
60, 0.041382148000025154, 182
60, 0.052807245000053626, 208
60, 0.044479397000031895, 192
60, 0.04314578799994706, 188
60, 0.052724282999975, 194
60, 0.042707584000027055, 174
60, 0.05591291199993975, 200
60, 0.04485621200001333, 194
60, 0.043668650999961756, 196
60, 0.04564146500001698, 188
60, 0.04801724699996157, 200
60, 0.04721479900001668, 202
60, 0.05399350800007596, 184
60, 0.04902552900000501, 202
60, 0.04091777499991167, 168
60, 0.044760956000004626, 194
60, 0.051573122000036165, 200
60, 0.061281890000032035, 206
60, 0.04895799000007628, 216
60, 0.04518082000004142, 184
60, 0.04240410800002792, 180
60, 0.04877506100001483, 192
60, 0.04342129899998781, 176
60, 0.0478100010000162, 198
60, 0.043537345999993704, 192
60, 0.04934838199994829, 202
70, 0.0657160409999733, 226
70, 0.06646703599994908, 228
70, 0.05035764499996276, 210
70, 0.0687270290000015, 226
70, 0.05520065899997917, 218
70, 0.05928948799999034, 220
70, 0.060471802999927604, 230
70, 0.07164835900005073, 236
70, 0.052208618000008755, 214
70, 0.05261865900001794, 216
70, 0.059152624999910586, 216
70, 0.05804471099997954, 232
70, 0.06195805799995924, 226
70, 0.053739291000056255, 226
70, 0.05390830699991511, 228
70, 0.06032846400000835, 228
70, 0.05212038299998767, 216
70, 0.05458241899998484, 228
70, 0.05930448599997362, 216
70, 0.05965824299994438, 234
70, 0.0647492069999771, 224
70, 0.05909537200000159, 238
70, 0.05846897200001422, 216
70, 0.055409089000022504, 214
70, 0.05408067099995151, 218
70, 0.06607554100003199, 228
70, 0.05523298499997509, 218
70, 0.0658255769999414, 236
70, 0.061464749000037955, 238
70, 0.06704214599994884, 244
70, 0.05258148200005053, 214
70, 0.06855709699993895, 248
70, 0.053013193999959185, 216
70, 0.06010149700000511, 226
70, 0.05533131999993657, 222
70, 0.06468578199996955, 236
70, 0.05723299499993573, 234
70, 0.056754544999989776, 220
70, 0.0614860939999744, 230
70, 0.057098702999951456, 208
70, 0.05770131199994921, 224
70, 0.05735384000001886, 218
70, 0.054795767000086926, 218
70, 0.061163257999965026, 232
70, 0.05689092800002982, 218
70, 0.06420604099992033, 226
70, 0.05715942700010146, 230
70, 0.06349027099997784, 228
70, 0.06977723499994681, 224
70, 0.057379796999953214, 226
80, 0.07629722799993033, 262
80, 0.07511385700001938, 270
80, 0.06698056899995208, 252
80, 0.07969706799997311, 256
80, 0.07333340100001351, 270
80, 0.07593832400004885, 266
80, 0.0710641719999785, 258
80, 0.0778346510001029, 260
80, 0.0813455460000796, 268
80, 0.0849368729999469, 270
80, 0.07218380799997703, 260
80, 0.06620883900006902, 258
80, 0.07861278799998672, 264
80, 0.0805123799999592, 262
80, 0.06865820900009112, 246
80, 0.0815584750000653, 272
80, 0.07279328899994653, 278
80, 0.0827683979999847, 262
80, 0.0782521359999464, 276
80, 0.0780365550000397, 276
80, 0.06940998899995066, 240
80, 0.07440427000005911, 260
80, 0.06840562800005046, 262
80, 0.07127629900003285, 254
80, 0.08074640199993155, 278
80, 0.07247634600003039, 266
80, 0.07340852000004361, 250
80, 0.07955127499997161, 280
80, 0.06908707100001266, 268
80, 0.06723491299999296, 256
80, 0.0713969650000763, 266
80, 0.06853574100000515, 262
80, 0.07893030100001397, 252
80, 0.07395473099995797, 260
80, 0.07337273400003141, 260
80, 0.07807513000000199, 276
80, 0.08066395500009094, 282
80, 0.0662269209999522, 244
80, 0.06955241599996498, 256
80, 0.06695475100002568, 242
80, 0.07355556499999238, 264
80, 0.07567986300000484, 270
80, 0.06401960400000917, 232
80, 0.06789969099997961, 260
80, 0.07203497900002276, 264
80, 0.07473284599996077, 268
80, 0.06662489100006042, 252
80, 0.0669152310000527, 238
80, 0.07172547999994094, 260
80, 0.0765448900000365, 270
90, 0.08725001099992369, 278
90, 0.09567748699998901, 320
90, 0.08866678000003958, 298
90, 0.0929920519999996, 282
90, 0.0908205780000344, 296
90, 0.08843953300004159, 296
90, 0.09231402499995056, 292
90, 0.09357656899999256, 312
90, 0.09677052600000025, 306
90, 0.08620493900002657, 294
90, 0.0924361959999942, 292
90, 0.08442036099995676, 284
90, 0.10084606200007329, 296
90, 0.08574094699997659, 292
90, 0.09410484500006078, 302
90, 0.09459904200002711, 292
90, 0.09267503499995655, 304
90, 0.08983837799996763, 300
90, 0.09067218899997442, 294
90, 0.08764677499993923, 286
90, 0.08184362199995121, 288
90, 0.09108257499997308, 278
90, 0.08779536299994106, 286
90, 0.07842772499998318, 274
90, 0.09146972500002448, 296
90, 0.07984288299996933, 278
90, 0.09045552300005966, 306
90, 0.08978760600007263, 292
90, 0.08815637199995763, 290
90, 0.09131156499995541, 302
90, 0.0939908299999388, 294
90, 0.08869419299992387, 306
90, 0.08823794199997792, 302
90, 0.0893409340000062, 302
90, 0.08554672499997196, 296
90, 0.09037101900003108, 290
90, 0.08991649799997958, 300
90, 0.09439235599995754, 302
90, 0.08527765899998485, 294
90, 0.07774769299999207, 272
90, 0.09814992899998742, 310
90, 0.08713617700004761, 278
90, 0.09180937000007816, 302
90, 0.09979994500008615, 294
90, 0.09076516499999343, 302
90, 0.09005703699995138, 306
90, 0.08195683299993561, 286
90, 0.08776304200000595, 296
90, 0.09391027599997415, 308
90, 0.08729373199992096, 296
100, 0.1036043909999762, 324
100, 0.10547915500001181, 326
100, 0.1097951980000289, 316
100, 0.10666936300003727, 322
100, 0.10543158900009075, 314
100, 0.11207761800005756, 344
100, 0.10159264799995071, 332
100, 0.09841986300000372, 322
100, 0.10726966400000038, 324
100, 0.10085339700003715, 322
100, 0.10614334499996403, 326
100, 0.09872623100000055, 312
100, 0.10665663200006748, 336
100, 0.10067048300004444, 320
100, 0.10888673099998414, 340
100, 0.10243632800006708, 332
100, 0.1084960929999852, 342
100, 0.11600157499992747, 356
100, 0.11134840300007909, 336
100, 0.11251685299998826, 332
100, 0.11240428000007796, 330
100, 0.10423871400007556, 316
100, 0.09821541100006925, 322
100, 0.10567290899996351, 328
100, 0.10761880100005783, 338
100, 0.10731318399996326, 340
100, 0.10512898100000712, 340
100, 0.10582987800000865, 320
100, 0.10273276800000986, 336
100, 0.10586874600005558, 330
100, 0.10747040799992646, 334
100, 0.11337126199998693, 336
100, 0.09843388599995251, 318
100, 0.11720948200002113, 336
100, 0.10790572500002327, 336
100, 0.10924756500003241, 340
100, 0.10350845699997535, 328
100, 0.09814787300001626, 320
100, 0.10484548200008703, 324
100, 0.096412641000029, 316
100, 0.10073267400002806, 320
100, 0.1155197399999679, 338
100, 0.10814074100005655, 328
100, 0.10384423900006823, 338
100, 0.10869695100006993, 330
100, 0.10466620099998636, 342
100, 0.1006806970000298, 324
100, 0.105606539000064, 336
100, 0.10610249800004112, 326
100, 0.10184528199999932, 330
125, 0.14528638499996305, 378
125, 0.15156164699999408, 418
125, 0.15092496300007952, 410
125, 0.15424613900006534, 424
125, 0.1554918940000789, 424
125, 0.156281153000009, 416
125, 0.15933165199999166, 422
125, 0.15146599299998798, 414
125, 0.1493129409999483, 408
125, 0.15342027099995903, 422
125, 0.15538456299998415, 410
125, 0.1634837400000606, 436
125, 0.14992000199993072, 418
125, 0.1506609189999608, 412
125, 0.1478782049999836, 404
125, 0.15530201999990823, 424
125, 0.14916453699993326, 406
125, 0.15872358599995096, 420
125, 0.16231823199996143, 438
125, 0.15489686300008998, 412
125, 0.15472748799993497, 426
125, 0.16760170000009111, 432
125, 0.16996826800004783, 426
125, 0.15624580399992283, 412
125, 0.1581968279999728, 420
125, 0.15502894300004755, 434
125, 0.16352468800005227, 430
125, 0.14810114600004454, 410
125, 0.1423845980000351, 400
125, 0.15602041900001495, 428
125, 0.14553698199995324, 404
125, 0.1499223590000156, 424
125, 0.15753627700007655, 426
125, 0.15184155199995075, 412
125, 0.14556557399998837, 410
125, 0.16329352100001415, 426
125, 0.15586903500002336, 424
125, 0.14733760700005405, 410
125, 0.1552779159999318, 420
125, 0.1528350330000876, 428
125, 0.15809581700000308, 416
125, 0.15780166000001827, 424
125, 0.15492732899997463, 424
125, 0.15708668000002035, 412
125, 0.156698514000027, 422
125, 0.15419323700007226, 410
125, 0.15383527100004812, 414
125, 0.15829511000004004, 426
125, 0.16258570299999064, 432
125, 0.1689459880000186, 436
150, 0.21827590399993824, 520
150, 0.21147880699993493, 500
150, 0.21890253000003668, 502
150, 0.2191946220000318, 534
150, 0.2223747819999744, 524
150, 0.20954224000001886, 508
150, 0.22150294599998688, 516
150, 0.22055346000001919, 522
150, 0.21632461100000455, 504
150, 0.21657842499996605, 496
150, 0.22755873599999177, 520
150, 0.22624524800005474, 522
150, 0.2202659820000008, 508
150, 0.22251614799995423, 530
150, 0.23014110999997683, 524
150, 0.21501709599999685, 514
150, 0.21684500900005332, 508
150, 0.21364558499999475, 502
150, 0.2145494009999993, 514
150, 0.21270366499993543, 506
150, 0.219012537000026, 512
150, 0.21280689299999267, 512
150, 0.22559318100002201, 512
150, 0.20662272900005973, 486
150, 0.2106495589999895, 510
150, 0.22150012500003413, 524
150, 0.21452893800005768, 506
150, 0.21137332700004663, 506
150, 0.21833992199992736, 518
150, 0.21715018599991254, 518
150, 0.21163926700000957, 498
150, 0.2093266129999165, 492
150, 0.20482916900004966, 494
150, 0.21669112299991866, 506
150, 0.2205518600000005, 518
150, 0.21725179999998545, 518
150, 0.22773429399990164, 514
150, 0.21543486899997788, 496
150, 0.20937535600000956, 506
150, 0.22198014100001728, 516
150, 0.21446491500000775, 508
150, 0.2102963010000849, 506
150, 0.21051939699998456, 500
150, 0.20668212199996105, 504
150, 0.22286163100000067, 516
150, 0.21694491300002028, 520
150, 0.2130499500000269, 508
150, 0.21914945900005023, 518
150, 0.21742109499996332, 514
150, 0.2281891090000272, 522
175, 0.27749403699999675, 576
175, 0.30019514100001743, 616
175, 0.3134328019999657, 636
175, 0.2802806509999982, 592
175, 0.2815100950000442, 598
175, 0.2986109299999953, 608
175, 0.2936719950000679, 620
175, 0.2833178209999687, 608
175, 0.27867005699999936, 576
175, 0.28568365500007076, 598
175, 0.2979854490000662, 620
175, 0.2915780390000009, 594
175, 0.2988172380000833, 622
175, 0.28338423499997134, 594
175, 0.28515558100002636, 594
175, 0.29414809900004, 606
175, 0.2844197939999731, 594
175, 0.27477146800003993, 576
175, 0.3013699110000516, 616
175, 0.3054647180000529, 632
175, 0.28343854100000954, 590
175, 0.28070499099999324, 598
175, 0.2939529089999269, 592
175, 0.28988812200009306, 588
175, 0.2922610299999633, 606
175, 0.28703302499991423, 600
175, 0.2934400020000112, 608
175, 0.30637588599995524, 632
175, 0.28931952100003855, 610
175, 0.29554093299998385, 608
175, 0.29324327300003006, 608
175, 0.296989452000048, 604
175, 0.287805492000075, 600
175, 0.2807809669999415, 590
175, 0.29235442300000614, 598
175, 0.2911804850000408, 608
175, 0.29187515900002836, 602
175, 0.30805574000009983, 608
175, 0.27807768400009536, 588
175, 0.29993934700007685, 626
175, 0.30036435699992126, 614
175, 0.27967259499996544, 592
175, 0.28804856300007486, 606
175, 0.2775472760000639, 578
175, 0.2731972259999793, 584
175, 0.2781731979999904, 590
175, 0.2829419649999636, 596
175, 0.2902154559999417, 588
175, 0.28588609300004464, 602
175, 0.28711752599997453, 606
200, 0.3822774579999759, 706
200, 0.3761568420000003, 684
200, 0.38819813600002817, 702
200, 0.3684697049999386, 670
200, 0.36211544399998274, 684
200, 0.3935338100000081, 722
200, 0.3811664610000207, 696
200, 0.37536029400007465, 706
200, 0.37563657600003353, 684
200, 0.3746300899999824, 696
200, 0.3751839410000457, 704
200, 0.3730113510000592, 686
200, 0.3946425739999313, 704
200, 0.36009725299993534, 672
200, 0.3802388990000054, 704
200, 0.389805977999913, 720
200, 0.3868988389999686, 710
200, 0.3799367319999192, 712
200, 0.3631725259999712, 672
200, 0.39410682300001554, 704
200, 0.39748445999998694, 738
200, 0.358995316000005, 670
200, 0.37890347199993357, 698
200, 0.33290406599996913, 634
200, 0.3710906699999441, 686
200, 0.39024553100000503, 718
200, 0.3698280539999814, 694
200, 0.35978230099999564, 680
200, 0.3790523480000729, 700
200, 0.3526240219999863, 660
200, 0.37851379799997176, 692
200, 0.3801173410000729, 710
200, 0.3841510559999506, 712
200, 0.38215169099999, 706
200, 0.3733172209999793, 692
200, 0.3706526020000638, 696
200, 0.36068247399998654, 680
200, 0.3724910500000078, 700
200, 0.37068777100000716, 690
200, 0.36561441599997124, 692
200, 0.3770839269999442, 692
200, 0.3709833660000186, 686
200, 0.3858126690000745, 678
200, 0.38182876200005467, 702
200, 0.3688106440000638, 678
200, 0.36782619400003114, 696
200, 0.3839563359999829, 702
200, 0.3698695589999943, 702
200, 0.3734187780000866, 668
200, 0.3909215359999507, 728
