Number of Targets, Time, Plan Length, Num Satellites, Num Modes, Num Instruments, Num Observations
1, 0.008100397000134762, 8, 10, 5, 10, 2
1, 0.007027587000038693, 7, 10, 5, 10, 2
1, 0.012018511000178478, 11, 10, 5, 10, 2
1, 0.008715261999896029, 11, 10, 5, 10, 2
1, 0.011757429999988744, 8, 10, 5, 10, 2
1, 0.013094202000047517, 10, 10, 5, 10, 2
1, 0.008369133000087459, 10, 10, 5, 10, 2
1, 0.0055293599998549325, 7, 10, 5, 10, 2
1, 0.008045273000107045, 11, 10, 5, 10, 2
1, 0.00843949199997951, 10, 10, 5, 10, 2
1, 0.007264785000188567, 9, 10, 5, 10, 2
1, 0.0074455139999827225, 9, 10, 5, 10, 2
1, 0.012459010000156923, 10, 10, 5, 10, 2
1, 0.01003627999989476, 12, 10, 5, 10, 2
1, 0.010174762999895393, 12, 10, 5, 10, 2
1, 0.008840800000143645, 6, 10, 5, 10, 2
1, 0.008958114000051864, 9, 10, 5, 10, 2
1, 0.008113238999840178, 11, 10, 5, 10, 2
1, 0.009277499999825523, 11, 10, 5, 10, 2
1, 0.00712141300004987, 9, 10, 5, 10, 2
1, 0.007897912000089491, 11, 10, 5, 10, 2
1, 0.006510040999955891, 8, 10, 5, 10, 2
1, 0.007586805000073582, 11, 10, 5, 10, 2
1, 0.007750374999886844, 9, 10, 5, 10, 2
1, 0.008055044999991878, 9, 10, 5, 10, 2
1, 0.008421811999824058, 9, 10, 5, 10, 2
1, 0.008543334000023606, 11, 10, 5, 10, 2
1, 0.0061637940000309754, 7, 10, 5, 10, 2
1, 0.007615583999950104, 10, 10, 5, 10, 2
1, 0.005126271999870369, 7, 10, 5, 10, 2
1, 0.010850415999811958, 13, 10, 5, 10, 2
1, 0.005432850000033795, 7, 10, 5, 10, 2
1, 0.005391685999939, 7, 10, 5, 10, 2
1, 0.0061541850000139675, 7, 10, 5, 10, 2
1, 0.010033754000005501, 12, 10, 5, 10, 2
1, 0.007294253000054596, 9, 10, 5, 10, 2
1, 0.008952770000178134, 10, 10, 5, 10, 2
1, 0.004415888000039558, 6, 10, 5, 10, 2
1, 0.00711353700012296, 9, 10, 5, 10, 2
1, 0.00848705900011737, 7, 10, 5, 10, 2
1, 0.004629650999959267, 6, 10, 5, 10, 2
1, 0.009503958000095736, 11, 10, 5, 10, 2
1, 0.011855487000048015, 10, 10, 5, 10, 2
1, 0.005924284000002444, 7, 10, 5, 10, 2
1, 0.005113575999985187, 7, 10, 5, 10, 2
1, 0.008296647999941342, 8, 10, 5, 10, 2
1, 0.008367663999933939, 10, 10, 5, 10, 2
1, 0.007571975000018938, 10, 10, 5, 10, 2
1, 0.008896413000002212, 12, 10, 5, 10, 2
1, 0.007142415999851437, 10, 10, 5, 10, 2
2, 0.008872857000142176, 13, 10, 5, 10, 2
2, 0.0081744639999215, 10, 10, 5, 10, 2
2, 0.008133535000069969, 10, 10, 5, 10, 2
2, 0.013085090999993554, 10, 10, 5, 10, 2
2, 0.009999183999980232, 12, 10, 5, 10, 2
2, 0.009074410000039279, 11, 10, 5, 10, 2
2, 0.01031789800003935, 9, 10, 5, 10, 2
2, 0.006707224999900063, 9, 10, 5, 10, 2
2, 0.015192492000096536, 15, 10, 5, 10, 2
2, 0.006124844999931156, 9, 10, 5, 10, 2
2, 0.005069246999937604, 6, 10, 5, 10, 2
2, 0.013465416999906665, 13, 10, 5, 10, 2
2, 0.0060286539999196975, 7, 10, 5, 10, 2
2, 0.011558389000128955, 14, 10, 5, 10, 2
2, 0.011054360999878554, 14, 10, 5, 10, 2
2, 0.006695218999993813, 8, 10, 5, 10, 2
2, 0.013090729000168722, 10, 10, 5, 10, 2
2, 0.010113369000009698, 13, 10, 5, 10, 2
2, 0.009019447000127911, 11, 10, 5, 10, 2
2, 0.008847103000107381, 11, 10, 5, 10, 2
2, 0.008230065999896397, 11, 10, 5, 10, 2
2, 0.012848049000012907, 13, 10, 5, 10, 2
2, 0.009727315999953134, 12, 10, 5, 10, 2
2, 0.006510460000072271, 8, 10, 5, 10, 2
2, 0.01563640399990618, 14, 10, 5, 10, 2
2, 0.00927916999989975, 12, 10, 5, 10, 2
2, 0.014187255000024379, 13, 10, 5, 10, 2
2, 0.007246385000144073, 9, 10, 5, 10, 2
2, 0.007729417000064132, 8, 10, 5, 10, 2
2, 0.009463545000016893, 12, 10, 5, 10, 2
2, 0.008820853999850442, 11, 10, 5, 10, 2
2, 0.0069682250000369095, 10, 10, 5, 10, 2
2, 0.003993110999999772, 6, 10, 5, 10, 2
2, 0.008943537999812179, 10, 10, 5, 10, 2
2, 0.015715920000047845, 11, 10, 5, 10, 2
2, 0.010017192000077557, 11, 10, 5, 10, 2
2, 0.009725492000143277, 10, 10, 5, 10, 2
2, 0.009767557000031957, 11, 10, 5, 10, 2
2, 0.00859619300013037, 11, 10, 5, 10, 2
2, 0.005723951999925703, 7, 10, 5, 10, 2
2, 0.009578383999951257, 12, 10, 5, 10, 2
2, 0.007808516000068266, 9, 10, 5, 10, 2
2, 0.005546954000010373, 7, 10, 5, 10, 2
2, 0.013449650999973528, 10, 10, 5, 10, 2
2, 0.0037153410000883014, 5, 10, 5, 10, 2
2, 0.003286229000195817, 4, 10, 5, 10, 2
2, 0.012233639999976731, 13, 10, 5, 10, 2
2, 0.008819358999971882, 11, 10, 5, 10, 2
2, 0.008681053999907817, 11, 10, 5, 10, 2
2, 0.008919930000047316, 11, 10, 5, 10, 2
3, 0.007980633999977726, 9, 10, 5, 10, 2
3, 0.015218773000015062, 11, 10, 5, 10, 2
3, 0.008966167999915342, 11, 10, 5, 10, 2
3, 0.012908519999882628, 10, 10, 5, 10, 2
3, 0.009969295000018974, 13, 10, 5, 10, 2
3, 0.016402901999981623, 14, 10, 5, 10, 2
3, 0.01363115399999515, 15, 10, 5, 10, 2
3, 0.014829410999936954, 13, 10, 5, 10, 2
3, 0.007488370999908511, 9, 10, 5, 10, 2
3, 0.009574727999961397, 11, 10, 5, 10, 2
3, 0.006854441999848859, 7, 10, 5, 10, 2
3, 0.009857904000000417, 12, 10, 5, 10, 2
3, 0.01200982499995007, 10, 10, 5, 10, 2
3, 0.0047989639999741485, 6, 10, 5, 10, 2
3, 0.007454727000094863, 9, 10, 5, 10, 2
3, 0.009456114999920828, 7, 10, 5, 10, 2
3, 0.008024966999983008, 10, 10, 5, 10, 2
3, 0.008123071999989406, 10, 10, 5, 10, 2
3, 0.011962115999949674, 13, 10, 5, 10, 2
3, 0.010830579999947076, 11, 10, 5, 10, 2
3, 0.012107153999977527, 10, 10, 5, 10, 2
3, 0.010910891999856176, 13, 10, 5, 10, 2
3, 0.008081671000127244, 10, 10, 5, 10, 2
3, 0.01421974400000181, 13, 10, 5, 10, 2
3, 0.00894834600012473, 10, 10, 5, 10, 2
3, 0.013451005999968402, 13, 10, 5, 10, 2
3, 0.009494553999957134, 12, 10, 5, 10, 2
3, 0.006066997000061747, 8, 10, 5, 10, 2
3, 0.008776753000120152, 11, 10, 5, 10, 2
3, 0.010812953999902675, 14, 10, 5, 10, 2
3, 0.009859716999926604, 9, 10, 5, 10, 2
3, 0.005245093999974415, 6, 10, 5, 10, 2
3, 0.008866184999988036, 10, 10, 5, 10, 2
3, 0.011284084999942934, 8, 10, 5, 10, 2
3, 0.006836836000047697, 8, 10, 5, 10, 2
3, 0.008122993999904793, 10, 10, 5, 10, 2
3, 0.0163971610002136, 15, 10, 5, 10, 2
3, 0.00791796999988037, 11, 10, 5, 10, 2
3, 0.010514906000025803, 6, 10, 5, 10, 2
3, 0.009542102000068553, 12, 10, 5, 10, 2
3, 0.008826866000163136, 12, 10, 5, 10, 2
3, 0.012015910999934931, 8, 10, 5, 10, 2
3, 0.007846127999982855, 10, 10, 5, 10, 2
3, 0.012479776999953174, 11, 10, 5, 10, 2
3, 0.006483894999973927, 9, 10, 5, 10, 2
3, 0.012824923000152921, 15, 10, 5, 10, 2
3, 0.007015474999889193, 8, 10, 5, 10, 2
3, 0.00876068499997018, 10, 10, 5, 10, 2
3, 0.010841082000069946, 13, 10, 5, 10, 2
3, 0.011207569999896805, 13, 10, 5, 10, 2
4, 0.008735253999930137, 6, 10, 5, 10, 2
4, 0.01105540799994742, 13, 10, 5, 10, 2
4, 0.010840654000048744, 12, 10, 5, 10, 2
4, 0.009218897999971887, 10, 10, 5, 10, 2
4, 0.007168634999970891, 8, 10, 5, 10, 2
4, 0.01340105000008407, 8, 10, 5, 10, 2
4, 0.010588556000129756, 12, 10, 5, 10, 2
4, 0.0047416739998880075, 6, 10, 5, 10, 2
4, 0.010626711999975669, 13, 10, 5, 10, 2
4, 0.01067758700014565, 12, 10, 5, 10, 2
4, 0.01055321100011497, 10, 10, 5, 10, 2
4, 0.011303780999924129, 13, 10, 5, 10, 2
4, 0.010836808000021847, 13, 10, 5, 10, 2
4, 0.009553438000011738, 11, 10, 5, 10, 2
4, 0.005724999999983993, 7, 10, 5, 10, 2
4, 0.01835128600009739, 15, 10, 5, 10, 2
4, 0.010550019999982396, 11, 10, 5, 10, 2
4, 0.01301869999997507, 9, 10, 5, 10, 2
4, 0.00796751799998674, 9, 10, 5, 10, 2
4, 0.01106735700000172, 8, 10, 5, 10, 2
4, 0.009267178000072818, 11, 10, 5, 10, 2
4, 0.008102302999986932, 9, 10, 5, 10, 2
4, 0.0050184910001007665, 6, 10, 5, 10, 2
4, 0.006851783999991312, 7, 10, 5, 10, 2
4, 0.011941869999873234, 9, 10, 5, 10, 2
4, 0.0068148170000768005, 8, 10, 5, 10, 2
4, 0.010638258999961181, 12, 10, 5, 10, 2
4, 0.01133433499990133, 8, 10, 5, 10, 2
4, 0.009098932999904719, 10, 10, 5, 10, 2
4, 0.00930359199992381, 12, 10, 5, 10, 2
4, 0.012326653999934933, 15, 10, 5, 10, 2
4, 0.009974683000109508, 12, 10, 5, 10, 2
4, 0.007963437000171325, 9, 10, 5, 10, 2
4, 0.010903599999892322, 11, 10, 5, 10, 2
4, 0.016270098999939364, 14, 10, 5, 10, 2
4, 0.011776426999858813, 13, 10, 5, 10, 2
4, 0.016444879000118817, 14, 10, 5, 10, 2
4, 0.009495152999988932, 11, 10, 5, 10, 2
4, 0.018024404000016148, 15, 10, 5, 10, 2
4, 0.010766992999833747, 13, 10, 5, 10, 2
4, 0.011751832000072682, 11, 10, 5, 10, 2
4, 0.010487272000091252, 12, 10, 5, 10, 2
4, 0.006949851999934253, 9, 10, 5, 10, 2
4, 0.006947156999785875, 8, 10, 5, 10, 2
4, 0.009241027000143731, 11, 10, 5, 10, 2
4, 0.005176768999945125, 6, 10, 5, 10, 2
4, 0.012561007000158497, 14, 10, 5, 10, 2
4, 0.012489013000049454, 14, 10, 5, 10, 2
4, 0.013902084999926956, 12, 10, 5, 10, 2
4, 0.00914252799998394, 10, 10, 5, 10, 2
5, 0.013176767000004475, 10, 10, 5, 10, 2
5, 0.00834948900001109, 10, 10, 5, 10, 2
5, 0.006121879999909652, 7, 10, 5, 10, 2
5, 0.010482873000000836, 13, 10, 5, 10, 2
5, 0.005536197000083121, 6, 10, 5, 10, 2
5, 0.015479185999993206, 12, 10, 5, 10, 2
5, 0.01307121299987557, 14, 10, 5, 10, 2
5, 0.014236167000035493, 13, 10, 5, 10, 2
5, 0.008090372999959072, 10, 10, 5, 10, 2
5, 0.008565248000195425, 8, 10, 5, 10, 2
5, 0.012712117000091894, 9, 10, 5, 10, 2
5, 0.007259217999944667, 8, 10, 5, 10, 2
5, 0.01570528000002014, 12, 10, 5, 10, 2
5, 0.008305880000079924, 10, 10, 5, 10, 2
5, 0.013956627999959892, 11, 10, 5, 10, 2
5, 0.010672131000092122, 12, 10, 5, 10, 2
5, 0.008278380000092511, 10, 10, 5, 10, 2
5, 0.010474712000132058, 11, 10, 5, 10, 2
5, 0.010487562999969668, 11, 10, 5, 10, 2
5, 0.004537687999800255, 6, 10, 5, 10, 2
5, 0.010637816999860661, 12, 10, 5, 10, 2
5, 0.013140033999889056, 13, 10, 5, 10, 2
5, 0.030833287999939785, 14, 10, 5, 10, 2
5, 0.010884142000122665, 13, 10, 5, 10, 2
5, 0.018261370000118404, 15, 10, 5, 10, 2
5, 0.00923319900016395, 9, 10, 5, 10, 2
5, 0.010627936999981102, 8, 10, 5, 10, 2
5, 0.013370672999826638, 12, 10, 5, 10, 2
5, 0.012647094999920228, 11, 10, 5, 10, 2
5, 0.011212125999918499, 12, 10, 5, 10, 2
5, 0.009189139000000068, 10, 10, 5, 10, 2
5, 0.012536112999896432, 13, 10, 5, 10, 2
5, 0.0073987630000829085, 9, 10, 5, 10, 2
5, 0.01191984299998694, 12, 10, 5, 10, 2
5, 0.009259284000108892, 10, 10, 5, 10, 2
5, 0.012117679000084536, 9, 10, 5, 10, 2
5, 0.014257765000138534, 15, 10, 5, 10, 2
5, 0.01419004599983964, 12, 10, 5, 10, 2
5, 0.009183730999893669, 11, 10, 5, 10, 2
5, 0.015309181000020544, 10, 10, 5, 10, 2
5, 0.011696609000182434, 12, 10, 5, 10, 2
5, 0.004686518000198703, 6, 10, 5, 10, 2
5, 0.006919539000136865, 8, 10, 5, 10, 2
5, 0.0075947679999899265, 7, 10, 5, 10, 2
5, 0.004141067000091425, 5, 10, 5, 10, 2
5, 0.00718518500002574, 8, 10, 5, 10, 2
5, 0.01026145999981054, 12, 10, 5, 10, 2
5, 0.009276195999973424, 11, 10, 5, 10, 2
5, 0.010797983999964345, 13, 10, 5, 10, 2
5, 0.006988218000060442, 8, 10, 5, 10, 2
6, 0.012586590999944747, 11, 10, 5, 10, 2
6, 0.00980081199986671, 12, 10, 5, 10, 2
6, 0.020311699000103545, 17, 10, 5, 10, 2
6, 0.01231615899996541, 12, 10, 5, 10, 2
6, 0.012277107000045362, 11, 10, 5, 10, 2
6, 0.014218170000049213, 14, 10, 5, 10, 2
6, 0.007920521999949415, 9, 10, 5, 10, 2
6, 0.007519778999949267, 9, 10, 5, 10, 2
6, 0.01535949599997366, 12, 10, 5, 10, 2
6, 0.004472196999813605, 4, 10, 5, 10, 2
6, 0.011251705000177026, 8, 10, 5, 10, 2
6, 0.012299409999968702, 13, 10, 5, 10, 2
6, 0.01207684199994219, 8, 10, 5, 10, 2
6, 0.011977632000025551, 13, 10, 5, 10, 2
6, 0.01509640499989473, 13, 10, 5, 10, 2
6, 0.006096217000049364, 8, 10, 5, 10, 2
6, 0.010210496000127023, 11, 10, 5, 10, 2
6, 0.010880763999921328, 12, 10, 5, 10, 2
6, 0.007042201999865938, 7, 10, 5, 10, 2
6, 0.012486449000107314, 10, 10, 5, 10, 2
6, 0.010775610999871787, 12, 10, 5, 10, 2
6, 0.014565598999979557, 13, 10, 5, 10, 2
6, 0.010434162999899854, 13, 10, 5, 10, 2
6, 0.01648442000009709, 14, 10, 5, 10, 2
6, 0.006105720000050496, 7, 10, 5, 10, 2
6, 0.013328758999932688, 11, 10, 5, 10, 2
6, 0.01181334800003242, 13, 10, 5, 10, 2
6, 0.003915168000048652, 5, 10, 5, 10, 2
6, 0.01854663599988271, 10, 10, 5, 10, 2
6, 0.013590339000074891, 15, 10, 5, 10, 2
6, 0.016653024000106598, 13, 10, 5, 10, 2
6, 0.01013860900002328, 11, 10, 5, 10, 2
6, 0.010595962999786934, 7, 10, 5, 10, 2
6, 0.00943003499992301, 11, 10, 5, 10, 2
6, 0.015420434000134264, 13, 10, 5, 10, 2
6, 0.009966706999875896, 11, 10, 5, 10, 2
6, 0.005315817000109746, 6, 10, 5, 10, 2
6, 0.010554834999993545, 12, 10, 5, 10, 2
6, 0.006087108999963675, 7, 10, 5, 10, 2
6, 0.01805471500006206, 14, 10, 5, 10, 2
6, 0.009937982000110424, 11, 10, 5, 10, 2
6, 0.016460309999956735, 14, 10, 5, 10, 2
6, 0.005514490999985355, 6, 10, 5, 10, 2
6, 0.0077252200001112215, 9, 10, 5, 10, 2
6, 0.012358274999996866, 14, 10, 5, 10, 2
6, 0.01301538799998525, 14, 10, 5, 10, 2
6, 0.012860256000067238, 11, 10, 5, 10, 2
6, 0.010627242000055048, 11, 10, 5, 10, 2
6, 0.005389347999880556, 7, 10, 5, 10, 2
6, 0.006531714999937321, 8, 10, 5, 10, 2
7, 0.02578521600003114, 15, 10, 5, 10, 2
7, 0.007481143000177326, 9, 10, 5, 10, 2
7, 0.01992324599996209, 16, 10, 5, 10, 2
7, 0.00951372600002287, 10, 10, 5, 10, 2
7, 0.01766472799999974, 11, 10, 5, 10, 2
7, 0.012204283000073701, 13, 10, 5, 10, 2
7, 0.016386022999995475, 14, 10, 5, 10, 2
7, 0.003049747999966712, 4, 10, 5, 10, 2
7, 0.015749167999956626, 13, 10, 5, 10, 2
7, 0.007763080999893646, 9, 10, 5, 10, 2
7, 0.01360915100008242, 14, 10, 5, 10, 2
7, 0.008022851000077935, 8, 10, 5, 10, 2
7, 0.015317157000026782, 11, 10, 5, 10, 2
7, 0.013608653999881426, 14, 10, 5, 10, 2
7, 0.01172174599992104, 12, 10, 5, 10, 2
7, 0.015031139000029725, 14, 10, 5, 10, 2
7, 0.01423065999983919, 10, 10, 5, 10, 2
7, 0.010541396000007808, 9, 10, 5, 10, 2
7, 0.012698940999825936, 13, 10, 5, 10, 2
7, 0.017661131000068053, 14, 10, 5, 10, 2
7, 0.01844210599983853, 14, 10, 5, 10, 2
7, 0.017049906000011106, 13, 10, 5, 10, 2
7, 0.015401824000036868, 17, 10, 5, 10, 2
7, 0.007546185999899535, 5, 10, 5, 10, 2
7, 0.012840210000149455, 14, 10, 5, 10, 2
7, 0.016668514000002688, 14, 10, 5, 10, 2
7, 0.014133833999949275, 14, 10, 5, 10, 2
7, 0.011873828000034337, 13, 10, 5, 10, 2
7, 0.014270445999954973, 11, 10, 5, 10, 2
7, 0.014665016999970248, 16, 10, 5, 10, 2
7, 0.015407550999952946, 11, 10, 5, 10, 2
7, 0.013533929000004719, 13, 10, 5, 10, 2
7, 0.003067741999984719, 4, 10, 5, 10, 2
7, 0.017989371000112442, 10, 10, 5, 10, 2
7, 0.00800667099997554, 6, 10, 5, 10, 2
7, 0.024753829000019323, 12, 10, 5, 10, 2
7, 0.011321246000079555, 12, 10, 5, 10, 2
7, 0.014291017000005013, 7, 10, 5, 10, 2
7, 0.01165956499994536, 10, 10, 5, 10, 2
7, 0.013994635000017297, 9, 10, 5, 10, 2
7, 0.009192152999958125, 8, 10, 5, 10, 2
7, 0.019576210000195715, 14, 10, 5, 10, 2
7, 0.01100237599985121, 9, 10, 5, 10, 2
7, 0.016875021999794626, 10, 10, 5, 10, 2
7, 0.013215245000083087, 11, 10, 5, 10, 2
7, 0.014099998999881791, 13, 10, 5, 10, 2
7, 0.014685025000062524, 15, 10, 5, 10, 2
7, 0.008021311999982572, 8, 10, 5, 10, 2
7, 0.016184612999950332, 15, 10, 5, 10, 2
7, 0.0037566369999240123, 4, 10, 5, 10, 2
8, 0.01167821100011679, 11, 10, 5, 10, 2
8, 0.013870400000087102, 14, 10, 5, 10, 2
8, 0.007334850999995979, 7, 10, 5, 10, 2
8, 0.018946808000009696, 11, 10, 5, 10, 2
8, 0.007584122000025673, 7, 10, 5, 10, 2
8, 0.016862013000036313, 11, 10, 5, 10, 2
8, 0.015073433999987174, 15, 10, 5, 10, 2
8, 0.016454111000030025, 13, 10, 5, 10, 2
8, 0.004020950999802153, 2, 10, 5, 10, 2
8, 0.02149981600018691, 13, 10, 5, 10, 2
8, 0.013617305000025226, 10, 10, 5, 10, 2
8, 0.015640759000007165, 8, 10, 5, 10, 2
8, 0.010206202000063058, 9, 10, 5, 10, 2
8, 0.02073684900005901, 12, 10, 5, 10, 2
8, 0.0119777999998405, 11, 10, 5, 10, 2
8, 0.013216748000104417, 12, 10, 5, 10, 2
8, 0.013599976000023162, 14, 10, 5, 10, 2
8, 0.00771658100006789, 6, 10, 5, 10, 2
8, 0.014066258000184462, 10, 10, 5, 10, 2
8, 0.017821525000044858, 14, 10, 5, 10, 2
8, 0.01358115099992574, 8, 10, 5, 10, 2
8, 0.013374871999985771, 13, 10, 5, 10, 2
8, 0.013984284000116531, 13, 10, 5, 10, 2
8, 0.011385620000055496, 7, 10, 5, 10, 2
8, 0.013131730999930369, 14, 10, 5, 10, 2
8, 0.016221124999901804, 8, 10, 5, 10, 2
8, 0.012093579000065802, 11, 10, 5, 10, 2
8, 0.0166349569999511, 13, 10, 5, 10, 2
8, 0.011158763999901566, 13, 10, 5, 10, 2
8, 0.01103350399989722, 10, 10, 5, 10, 2
8, 0.010250439999936134, 10, 10, 5, 10, 2
8, 0.011204742000018086, 8, 10, 5, 10, 2
8, 0.01108694499998819, 11, 10, 5, 10, 2
8, 0.013417851000212977, 11, 10, 5, 10, 2
8, 0.024146600999984003, 15, 10, 5, 10, 2
8, 0.01729954200004613, 15, 10, 5, 10, 2
8, 0.018450367000014012, 15, 10, 5, 10, 2
8, 0.01972058699993795, 14, 10, 5, 10, 2
8, 0.015355407000015475, 13, 10, 5, 10, 2
8, 0.0227483480000501, 12, 10, 5, 10, 2
8, 0.01736073100005342, 16, 10, 5, 10, 2
8, 0.012664000000086162, 12, 10, 5, 10, 2
8, 0.018684234000147626, 13, 10, 5, 10, 2
8, 0.009110606999911397, 10, 10, 5, 10, 2
8, 0.016051294999897436, 13, 10, 5, 10, 2
8, 0.015057410000054006, 14, 10, 5, 10, 2
8, 0.010925775000032445, 10, 10, 5, 10, 2
8, 0.015453725999805101, 15, 10, 5, 10, 2
8, 0.01648218100012855, 13, 10, 5, 10, 2
8, 0.023792686999968282, 16, 10, 5, 10, 2
9, 0.013177078999888181, 13, 10, 5, 10, 2
9, 0.017876689000104307, 10, 10, 5, 10, 2
9, 0.011273583000047438, 11, 10, 5, 10, 2
9, 0.019084082000063063, 13, 10, 5, 10, 2
9, 0.010053141000071264, 11, 10, 5, 10, 2
9, 0.011949251999794797, 7, 10, 5, 10, 2
9, 0.012598271999877397, 12, 10, 5, 10, 2
9, 0.013027173999944353, 12, 10, 5, 10, 2
9, 0.012835386999995535, 11, 10, 5, 10, 2
9, 0.009340164000150253, 10, 10, 5, 10, 2
9, 0.012023864999946454, 13, 10, 5, 10, 2
9, 0.010989358999950127, 10, 10, 5, 10, 2
9, 0.011519070000076681, 11, 10, 5, 10, 2
9, 0.018911384999910297, 15, 10, 5, 10, 2
9, 0.020573593999870354, 15, 10, 5, 10, 2
9, 0.011930016000178512, 12, 10, 5, 10, 2
9, 0.01850706100003663, 13, 10, 5, 10, 2
9, 0.007069724000075439, 7, 10, 5, 10, 2
9, 0.01655134900011035, 13, 10, 5, 10, 2
9, 0.010203943000078652, 10, 10, 5, 10, 2
9, 0.01754204999997455, 11, 10, 5, 10, 2
9, 0.013202851999949416, 13, 10, 5, 10, 2
9, 0.012694168000052741, 12, 10, 5, 10, 2
9, 0.019779089999929056, 16, 10, 5, 10, 2
9, 0.010415898000019297, 12, 10, 5, 10, 2
9, 0.015554651000002195, 11, 10, 5, 10, 2
9, 0.014910783999994237, 14, 10, 5, 10, 2
9, 0.014210733000027176, 12, 10, 5, 10, 2
9, 0.021979028000032486, 14, 10, 5, 10, 2
9, 0.00873615599994082, 9, 10, 5, 10, 2
9, 0.014976115000081336, 11, 10, 5, 10, 2
9, 0.01541236499997467, 14, 10, 5, 10, 2
9, 0.018651135000027352, 8, 10, 5, 10, 2
9, 0.009283058000164601, 9, 10, 5, 10, 2
9, 0.017672311000069385, 14, 10, 5, 10, 2
9, 0.014273565999928906, 14, 10, 5, 10, 2
9, 0.014163605000021562, 10, 10, 5, 10, 2
9, 0.0066622150000057445, 6, 10, 5, 10, 2
9, 0.016146414999866465, 13, 10, 5, 10, 2
9, 0.01190172699989489, 12, 10, 5, 10, 2
9, 0.016349149000006946, 13, 10, 5, 10, 2
9, 0.00837292599999273, 8, 10, 5, 10, 2
9, 0.01457376899998053, 13, 10, 5, 10, 2
9, 0.014584831999854941, 14, 10, 5, 10, 2
9, 0.012444571000060023, 12, 10, 5, 10, 2
9, 0.01502394799990725, 10, 10, 5, 10, 2
9, 0.014965676999963762, 14, 10, 5, 10, 2
9, 0.02007947900006002, 13, 10, 5, 10, 2
9, 0.01860811599999579, 15, 10, 5, 10, 2
9, 0.00901998399990589, 9, 10, 5, 10, 2
10, 0.01818948300001466, 13, 10, 5, 10, 2
10, 0.007667831999924601, 7, 10, 5, 10, 2
10, 0.02109017800012225, 15, 10, 5, 10, 2
10, 0.015867462999949566, 14, 10, 5, 10, 2
10, 0.014695872000174859, 14, 10, 5, 10, 2
10, 0.011422740000170961, 10, 10, 5, 10, 2
10, 0.008436805999963326, 7, 10, 5, 10, 2
10, 0.015118856999833952, 15, 10, 5, 10, 2
10, 0.012507824000067558, 11, 10, 5, 10, 2
10, 0.017805913999836775, 12, 10, 5, 10, 2
10, 0.01849196399984976, 11, 10, 5, 10, 2
10, 0.014839362999964578, 11, 10, 5, 10, 2
10, 0.016184613999939756, 12, 10, 5, 10, 2
10, 0.01024017300005653, 9, 10, 5, 10, 2
10, 0.01740077299996301, 14, 10, 5, 10, 2
10, 0.010677953000140405, 10, 10, 5, 10, 2
10, 0.015097693000143408, 15, 10, 5, 10, 2
10, 0.019340413000008994, 14, 10, 5, 10, 2
10, 0.016092331999971066, 14, 10, 5, 10, 2
10, 0.0178030449999369, 12, 10, 5, 10, 2
10, 0.00930360499978633, 9, 10, 5, 10, 2
10, 0.017793754999956946, 16, 10, 5, 10, 2
10, 0.019982948000006218, 15, 10, 5, 10, 2
10, 0.016102379999892946, 14, 10, 5, 10, 2
10, 0.012853286999870761, 12, 10, 5, 10, 2
10, 0.014695885000037379, 11, 10, 5, 10, 2
10, 0.017734135000182505, 17, 10, 5, 10, 2
10, 0.016562045999990005, 12, 10, 5, 10, 2
10, 0.01729599700001927, 11, 10, 5, 10, 2
10, 0.009251817999938794, 9, 10, 5, 10, 2
10, 0.011378234000176235, 7, 10, 5, 10, 2
10, 0.007873960999859264, 8, 10, 5, 10, 2
10, 0.015374319999864383, 11, 10, 5, 10, 2
10, 0.010955037000030643, 11, 10, 5, 10, 2
10, 0.0077238900000793365, 8, 10, 5, 10, 2
10, 0.014025532999994539, 12, 10, 5, 10, 2
10, 0.022264536999955453, 15, 10, 5, 10, 2
10, 0.00677337100000841, 6, 10, 5, 10, 2
10, 0.00911439599985897, 5, 10, 5, 10, 2
10, 0.006925006000074063, 6, 10, 5, 10, 2
10, 0.023154677000093216, 16, 10, 5, 10, 2
10, 0.013993676999916715, 13, 10, 5, 10, 2
10, 0.01652510999997503, 12, 10, 5, 10, 2
10, 0.014361931999928856, 13, 10, 5, 10, 2
10, 0.010666529999980412, 10, 10, 5, 10, 2
10, 0.01786250400004974, 11, 10, 5, 10, 2
10, 0.014762474999997721, 12, 10, 5, 10, 2
10, 0.025856945999976233, 17, 10, 5, 10, 2
10, 0.017935748000127205, 13, 10, 5, 10, 2
10, 0.012711350000017774, 10, 10, 5, 10, 2
11, 0.014404786999875796, 14, 10, 5, 10, 2
11, 0.012895632999970985, 8, 10, 5, 10, 2
11, 0.01710497099998065, 15, 10, 5, 10, 2
11, 0.019865163999838842, 9, 10, 5, 10, 2
11, 0.03317265900000166, 14, 10, 5, 10, 2
11, 0.01561561000016809, 14, 10, 5, 10, 2
11, 0.015041482000015094, 13, 10, 5, 10, 2
11, 0.005206284999985655, 5, 10, 5, 10, 2
11, 0.013057014999958483, 11, 10, 5, 10, 2
11, 0.015834877000088454, 15, 10, 5, 10, 2
11, 0.016919911000059074, 13, 10, 5, 10, 2
11, 0.01928221899993332, 12, 10, 5, 10, 2
11, 0.013451457999963168, 13, 10, 5, 10, 2
11, 0.01613988199983396, 15, 10, 5, 10, 2
11, 0.027891147999980603, 15, 10, 5, 10, 2
11, 0.009181783000030919, 7, 10, 5, 10, 2
11, 0.01928136300011829, 14, 10, 5, 10, 2
11, 0.021166300000004412, 15, 10, 5, 10, 2
11, 0.014379858999973294, 13, 10, 5, 10, 2
11, 0.022724203000052512, 15, 10, 5, 10, 2
11, 0.022169855999891297, 15, 10, 5, 10, 2
11, 0.013577746000009938, 12, 10, 5, 10, 2
11, 0.012260523000122703, 8, 10, 5, 10, 2
11, 0.0240417410000191, 15, 10, 5, 10, 2
11, 0.014530555999954231, 13, 10, 5, 10, 2
11, 0.014229608000050575, 12, 10, 5, 10, 2
11, 0.019390804000067874, 11, 10, 5, 10, 2
11, 0.018062629000041852, 17, 10, 5, 10, 2
11, 0.026065030000154366, 15, 10, 5, 10, 2
11, 0.021122794000120848, 15, 10, 5, 10, 2
11, 0.015637044999948557, 14, 10, 5, 10, 2
11, 0.011202066999885574, 10, 10, 5, 10, 2
11, 0.010137001999964923, 9, 10, 5, 10, 2
11, 0.019845648999989862, 15, 10, 5, 10, 2
11, 0.01364009700000679, 11, 10, 5, 10, 2
11, 0.015258897999956389, 15, 10, 5, 10, 2
11, 0.01710972900013985, 11, 10, 5, 10, 2
11, 0.015867608999997174, 13, 10, 5, 10, 2
11, 0.013231120999989798, 12, 10, 5, 10, 2
11, 0.02443056099991736, 15, 10, 5, 10, 2
11, 0.022230440999919665, 15, 10, 5, 10, 2
11, 0.01242722799997864, 11, 10, 5, 10, 2
11, 0.01730574499993054, 11, 10, 5, 10, 2
11, 0.013253131000055873, 11, 10, 5, 10, 2
11, 0.017316829000037615, 15, 10, 5, 10, 2
11, 0.020393527000123868, 14, 10, 5, 10, 2
11, 0.014067545999978393, 13, 10, 5, 10, 2
11, 0.01674432100003287, 11, 10, 5, 10, 2
11, 0.010466452999935427, 9, 10, 5, 10, 2
11, 0.013122319000103744, 11, 10, 5, 10, 2
12, 0.018836168000007092, 12, 10, 5, 10, 2
12, 0.01688215199988008, 12, 10, 5, 10, 2
12, 0.016074257999889596, 13, 10, 5, 10, 2
12, 0.017761804999963715, 10, 10, 5, 10, 2
12, 0.010613135999847145, 8, 10, 5, 10, 2
12, 0.010411642999997639, 9, 10, 5, 10, 2
12, 0.021301135999920007, 12, 10, 5, 10, 2
12, 0.008562863999941328, 7, 10, 5, 10, 2
12, 0.01296040199986237, 7, 10, 5, 10, 2
12, 0.01683865700010756, 13, 10, 5, 10, 2
12, 0.016762389999939842, 13, 10, 5, 10, 2
12, 0.020029448000059347, 14, 10, 5, 10, 2
12, 0.01072422800007189, 8, 10, 5, 10, 2
12, 0.01582860299981803, 12, 10, 5, 10, 2
12, 0.02705577300002915, 16, 10, 5, 10, 2
12, 0.026568279999992228, 14, 10, 5, 10, 2
12, 0.012104335999993054, 8, 10, 5, 10, 2
12, 0.018692208999937066, 9, 10, 5, 10, 2
12, 0.021141911999848162, 10, 10, 5, 10, 2
12, 0.022904486000015822, 7, 10, 5, 10, 2
12, 0.03387152400000559, 14, 10, 5, 10, 2
12, 0.030386702999976478, 12, 10, 5, 10, 2
12, 0.018642538999984026, 13, 10, 5, 10, 2
12, 0.023439159999952608, 11, 10, 5, 10, 2
12, 0.023722759000065707, 12, 10, 5, 10, 2
12, 0.026746436999928846, 13, 10, 5, 10, 2
12, 0.02844094900001437, 13, 10, 5, 10, 2
12, 0.012294894999968164, 7, 10, 5, 10, 2
12, 0.017547242999853552, 7, 10, 5, 10, 2
12, 0.025925550000010844, 12, 10, 5, 10, 2
12, 0.017944175999900835, 12, 10, 5, 10, 2
12, 0.023658123000132036, 12, 10, 5, 10, 2
12, 0.02192422699999952, 11, 10, 5, 10, 2
12, 0.03352298599997994, 15, 10, 5, 10, 2
12, 0.022178416000087964, 15, 10, 5, 10, 2
12, 0.025587788999928307, 12, 10, 5, 10, 2
12, 0.019174648999978672, 11, 10, 5, 10, 2
12, 0.027984539000044606, 17, 10, 5, 10, 2
12, 0.015890278000142644, 12, 10, 5, 10, 2
12, 0.009921309999981531, 8, 10, 5, 10, 2
12, 0.020417191999968054, 13, 10, 5, 10, 2
12, 0.016979710999976305, 13, 10, 5, 10, 2
12, 0.013305201999855854, 11, 10, 5, 10, 2
12, 0.022197962000063853, 15, 10, 5, 10, 2
12, 0.015078297999934875, 12, 10, 5, 10, 2
12, 0.01590288500005954, 13, 10, 5, 10, 2
12, 0.02217706799979169, 14, 10, 5, 10, 2
12, 0.0083993289999853, 6, 10, 5, 10, 2
12, 0.021599819999892134, 17, 10, 5, 10, 2
12, 0.017724586999975145, 12, 10, 5, 10, 2
13, 0.01819292699997277, 10, 10, 5, 10, 2
13, 0.01719004500000665, 14, 10, 5, 10, 2
13, 0.02197010599979876, 13, 10, 5, 10, 2
13, 0.020355765999966025, 12, 10, 5, 10, 2
13, 0.01722225299999991, 14, 10, 5, 10, 2
13, 0.019558338000024378, 14, 10, 5, 10, 2
13, 0.020437188000187234, 13, 10, 5, 10, 2
13, 0.01884757799984982, 11, 10, 5, 10, 2
13, 0.01169548300003953, 8, 10, 5, 10, 2
13, 0.01877318199990441, 14, 10, 5, 10, 2
13, 0.02228250100006335, 13, 10, 5, 10, 2
13, 0.01166858500005219, 9, 10, 5, 10, 2
13, 0.01631667800006653, 12, 10, 5, 10, 2
13, 0.022759455999903366, 14, 10, 5, 10, 2
13, 0.025264228999958505, 16, 10, 5, 10, 2
13, 0.015421156000002156, 11, 10, 5, 10, 2
13, 0.019401938999862978, 15, 10, 5, 10, 2
13, 0.013353476000020237, 9, 10, 5, 10, 2
13, 0.021467553000093176, 13, 10, 5, 10, 2
13, 0.014741941000011138, 11, 10, 5, 10, 2
13, 0.01582034900002327, 11, 10, 5, 10, 2
13, 0.022451490999856105, 15, 10, 5, 10, 2
13, 0.011802410000200325, 9, 10, 5, 10, 2
13, 0.01688509299992802, 12, 10, 5, 10, 2
13, 0.023055003000081342, 12, 10, 5, 10, 2
13, 0.01623515899996164, 11, 10, 5, 10, 2
13, 0.015319762999979503, 13, 10, 5, 10, 2
13, 0.0162182120000125, 9, 10, 5, 10, 2
13, 0.013042431000030774, 9, 10, 5, 10, 2
13, 0.017387450000114768, 12, 10, 5, 10, 2
13, 0.013441327999998975, 9, 10, 5, 10, 2
13, 0.008768627000108609, 7, 10, 5, 10, 2
13, 0.008640956999897753, 6, 10, 5, 10, 2
13, 0.010202044999914506, 7, 10, 5, 10, 2
13, 0.014012277000119866, 10, 10, 5, 10, 2
13, 0.02417780800010405, 16, 10, 5, 10, 2
13, 0.011741200999949797, 9, 10, 5, 10, 2
13, 0.019545877000155087, 14, 10, 5, 10, 2
13, 0.027895497000145042, 14, 10, 5, 10, 2
13, 0.01942045199984932, 13, 10, 5, 10, 2
13, 0.023636801999828094, 13, 10, 5, 10, 2
13, 0.016648591999910423, 12, 10, 5, 10, 2
13, 0.018488807000039742, 13, 10, 5, 10, 2
13, 0.023269898000080502, 16, 10, 5, 10, 2
13, 0.02674957799990807, 14, 10, 5, 10, 2
13, 0.012806478999891624, 9, 10, 5, 10, 2
13, 0.016440843000054883, 10, 10, 5, 10, 2
13, 0.023634130999880654, 13, 10, 5, 10, 2
13, 0.027898691000018516, 13, 10, 5, 10, 2
13, 0.021028738999802954, 11, 10, 5, 10, 2
14, 0.01464948399984678, 11, 10, 5, 10, 2
14, 0.01924971300013567, 12, 10, 5, 10, 2
14, 0.025039267000011023, 14, 10, 5, 10, 2
14, 0.024464010999963648, 15, 10, 5, 10, 2
14, 0.025133183999969333, 12, 10, 5, 10, 2
14, 0.020965691999890623, 11, 10, 5, 10, 2
14, 0.007954136000080325, 6, 10, 5, 10, 2
14, 0.02332611200017709, 13, 10, 5, 10, 2
14, 0.027696653000020888, 15, 10, 5, 10, 2
14, 0.023550825000029363, 13, 10, 5, 10, 2
14, 0.026439582000193695, 14, 10, 5, 10, 2
14, 0.01934471799995663, 13, 10, 5, 10, 2
14, 0.016221510999912425, 13, 10, 5, 10, 2
14, 0.02904859399995985, 14, 10, 5, 10, 2
14, 0.022305335000055493, 13, 10, 5, 10, 2
14, 0.0230504479998217, 12, 10, 5, 10, 2
14, 0.02121291999992536, 13, 10, 5, 10, 2
14, 0.0218128629999228, 15, 10, 5, 10, 2
14, 0.024477910000086922, 14, 10, 5, 10, 2
14, 0.018435800000133895, 13, 10, 5, 10, 2
14, 0.0285526719999325, 14, 10, 5, 10, 2
14, 0.013115746000039508, 6, 10, 5, 10, 2
14, 0.0158348909999404, 12, 10, 5, 10, 2
14, 0.016342592999990302, 11, 10, 5, 10, 2
14, 0.02461276300005011, 12, 10, 5, 10, 2
14, 0.028116885000144975, 15, 10, 5, 10, 2
14, 0.021594424999875628, 13, 10, 5, 10, 2
14, 0.022640205000016067, 9, 10, 5, 10, 2
14, 0.014004214000124193, 7, 10, 5, 10, 2
14, 0.026215237000087654, 14, 10, 5, 10, 2
14, 0.009424602000080995, 7, 10, 5, 10, 2
14, 0.016203184999994846, 10, 10, 5, 10, 2
14, 0.025261946000000535, 15, 10, 5, 10, 2
14, 0.028325239999958285, 15, 10, 5, 10, 2
14, 0.01765917700004138, 14, 10, 5, 10, 2
14, 0.01272593799990318, 9, 10, 5, 10, 2
14, 0.013451125000074171, 11, 10, 5, 10, 2
14, 0.010501414999907865, 8, 10, 5, 10, 2
14, 0.03181077900012497, 14, 10, 5, 10, 2
14, 0.034833337000009124, 14, 10, 5, 10, 2
14, 0.0207895969999754, 11, 10, 5, 10, 2
14, 0.03621324999994613, 14, 10, 5, 10, 2
14, 0.024304603000018687, 9, 10, 5, 10, 2
14, 0.029949680999834527, 15, 10, 5, 10, 2
14, 0.029849045999981172, 15, 10, 5, 10, 2
14, 0.027969436999910613, 15, 10, 5, 10, 2
14, 0.0288905130000785, 19, 10, 5, 10, 2
14, 0.018795177000129115, 8, 10, 5, 10, 2
14, 0.011194687999932285, 8, 10, 5, 10, 2
14, 0.01836079300005622, 12, 10, 5, 10, 2
15, 0.01595408900016082, 11, 10, 5, 10, 2
15, 0.025156987999935154, 11, 10, 5, 10, 2
15, 0.02413581099995099, 14, 10, 5, 10, 2
15, 0.025877506000142603, 12, 10, 5, 10, 2
15, 0.022977325000056226, 13, 10, 5, 10, 2
15, 0.021087998999973934, 14, 10, 5, 10, 2
15, 0.016204500000185362, 10, 10, 5, 10, 2
15, 0.013549531999842657, 8, 10, 5, 10, 2
15, 0.03175410699986969, 13, 10, 5, 10, 2
15, 0.024955926000075124, 12, 10, 5, 10, 2
15, 0.019394118999798593, 10, 10, 5, 10, 2
15, 0.010636073000114266, 7, 10, 5, 10, 2
15, 0.02635407299999315, 16, 10, 5, 10, 2
15, 0.014061853999919549, 9, 10, 5, 10, 2
15, 0.023730720000003203, 12, 10, 5, 10, 2
15, 0.025446851999959108, 13, 10, 5, 10, 2
15, 0.03107911899996907, 15, 10, 5, 10, 2
15, 0.029342617999873255, 18, 10, 5, 10, 2
15, 0.01875020600004973, 14, 10, 5, 10, 2
15, 0.014834942999868872, 11, 10, 5, 10, 2
15, 0.025072078999983205, 14, 10, 5, 10, 2
15, 0.022700851000081457, 14, 10, 5, 10, 2
15, 0.011995737000006557, 8, 10, 5, 10, 2
15, 0.017436503999988417, 12, 10, 5, 10, 2
15, 0.023880084999973406, 12, 10, 5, 10, 2
15, 0.022593274999962887, 13, 10, 5, 10, 2
15, 0.01126066400001946, 8, 10, 5, 10, 2
15, 0.019114292999802274, 12, 10, 5, 10, 2
15, 0.02559040100004495, 14, 10, 5, 10, 2
15, 0.022477635000086593, 12, 10, 5, 10, 2
15, 0.02294360699988829, 11, 10, 5, 10, 2
15, 0.02835929100001522, 14, 10, 5, 10, 2
15, 0.006890548999990642, 5, 10, 5, 10, 2
15, 0.027985002999912467, 15, 10, 5, 10, 2
15, 0.018043085000044812, 14, 10, 5, 10, 2
15, 0.02663193000012143, 14, 10, 5, 10, 2
15, 0.021902046999912272, 13, 10, 5, 10, 2
15, 0.023490944999821295, 13, 10, 5, 10, 2
15, 0.011945792000005895, 8, 10, 5, 10, 2
15, 0.025767216000076587, 18, 10, 5, 10, 2
15, 0.026420132000112062, 15, 10, 5, 10, 2
15, 0.023350228000026618, 13, 10, 5, 10, 2
15, 0.024432386999933442, 13, 10, 5, 10, 2
15, 0.02404678400012017, 12, 10, 5, 10, 2
15, 0.018952474000116126, 13, 10, 5, 10, 2
15, 0.022274259999903734, 10, 10, 5, 10, 2
15, 0.008797954000101527, 6, 10, 5, 10, 2
15, 0.026535482000099364, 13, 10, 5, 10, 2
15, 0.0226700929999879, 10, 10, 5, 10, 2
15, 0.018228958999998213, 13, 10, 5, 10, 2
16, 0.022109969999974055, 14, 10, 5, 10, 2
16, 0.023751084000195988, 15, 10, 5, 10, 2
16, 0.03469846400003007, 14, 10, 5, 10, 2
16, 0.020530256000029112, 9, 10, 5, 10, 2
16, 0.023036541999999827, 12, 10, 5, 10, 2
16, 0.027335820999951466, 13, 10, 5, 10, 2
16, 0.022283144999846627, 12, 10, 5, 10, 2
16, 0.020366299999977855, 13, 10, 5, 10, 2
16, 0.020095655999966766, 14, 10, 5, 10, 2
16, 0.019857954999906724, 12, 10, 5, 10, 2
16, 0.026283530999990035, 14, 10, 5, 10, 2
16, 0.019852958999990733, 10, 10, 5, 10, 2
16, 0.029896310000140147, 16, 10, 5, 10, 2
16, 0.026757138999983, 13, 10, 5, 10, 2
16, 0.0163822380000056, 8, 10, 5, 10, 2
16, 0.026216960000056133, 13, 10, 5, 10, 2
16, 0.02784058800011735, 15, 10, 5, 10, 2
16, 0.019768731999874944, 12, 10, 5, 10, 2
16, 0.018578852000018742, 12, 10, 5, 10, 2
16, 0.022403191999956107, 12, 10, 5, 10, 2
16, 0.027858124999966094, 13, 10, 5, 10, 2
16, 0.01854468800001996, 9, 10, 5, 10, 2
16, 0.026963237000018125, 13, 10, 5, 10, 2
16, 0.031582620999870414, 15, 10, 5, 10, 2
16, 0.02581231299996034, 13, 10, 5, 10, 2
16, 0.02541569699997126, 13, 10, 5, 10, 2
16, 0.010137367999959679, 6, 10, 5, 10, 2
16, 0.022837729999992007, 15, 10, 5, 10, 2
16, 0.010904342000003453, 7, 10, 5, 10, 2
16, 0.02324496000005638, 13, 10, 5, 10, 2
16, 0.019965774999946007, 13, 10, 5, 10, 2
16, 0.025641962999998213, 13, 10, 5, 10, 2
16, 0.028823116000012305, 13, 10, 5, 10, 2
16, 0.023361793000049147, 12, 10, 5, 10, 2
16, 0.02557539999997971, 11, 10, 5, 10, 2
16, 0.025106622000066636, 13, 10, 5, 10, 2
16, 0.026757431000078213, 14, 10, 5, 10, 2
16, 0.025976482000032775, 15, 10, 5, 10, 2
16, 0.01676079200001368, 11, 10, 5, 10, 2
16, 0.02529302700008884, 14, 10, 5, 10, 2
16, 0.020379956999931892, 12, 10, 5, 10, 2
16, 0.02426846900016244, 13, 10, 5, 10, 2
16, 0.017879202000131045, 11, 10, 5, 10, 2
16, 0.025747812999952657, 12, 10, 5, 10, 2
16, 0.026859968000053414, 14, 10, 5, 10, 2
16, 0.02687982399993416, 13, 10, 5, 10, 2
16, 0.024820251999926768, 13, 10, 5, 10, 2
16, 0.024775987000111854, 13, 10, 5, 10, 2
16, 0.010580782999795701, 7, 10, 5, 10, 2
16, 0.02268636200005858, 13, 10, 5, 10, 2
17, 0.025819453000167414, 14, 10, 5, 10, 2
17, 0.02357439100001102, 11, 10, 5, 10, 2
17, 0.021366707999959544, 10, 10, 5, 10, 2
17, 0.022518342000012126, 11, 10, 5, 10, 2
17, 0.021299925999983316, 11, 10, 5, 10, 2
17, 0.021587430999943535, 13, 10, 5, 10, 2
17, 0.025247067999998762, 14, 10, 5, 10, 2
17, 0.016248234999920896, 9, 10, 5, 10, 2
17, 0.019215720999909536, 9, 10, 5, 10, 2
17, 0.029663724000101865, 16, 10, 5, 10, 2
17, 0.01779379799995695, 9, 10, 5, 10, 2
17, 0.021469940999850223, 12, 10, 5, 10, 2
17, 0.018917008000016722, 10, 10, 5, 10, 2
17, 0.026719521000131863, 14, 10, 5, 10, 2
17, 0.028043962999845462, 14, 10, 5, 10, 2
17, 0.027040037000006123, 13, 10, 5, 10, 2
17, 0.013499224000042886, 7, 10, 5, 10, 2
17, 0.022644919999947888, 11, 10, 5, 10, 2
17, 0.02470165700015059, 11, 10, 5, 10, 2
17, 0.020182627999929537, 11, 10, 5, 10, 2
17, 0.02364252100005615, 13, 10, 5, 10, 2
17, 0.02652766200003498, 12, 10, 5, 10, 2
17, 0.02688473500006694, 13, 10, 5, 10, 2
17, 0.03075549899995167, 16, 10, 5, 10, 2
17, 0.020440754999981436, 9, 10, 5, 10, 2
17, 0.03275449800003116, 15, 10, 5, 10, 2
17, 0.014842303000023094, 7, 10, 5, 10, 2
17, 0.02618467899992538, 14, 10, 5, 10, 2
17, 0.035515366000026916, 16, 10, 5, 10, 2
17, 0.022033917000044312, 10, 10, 5, 10, 2
17, 0.026952750999953423, 15, 10, 5, 10, 2
17, 0.018978603000050498, 11, 10, 5, 10, 2
17, 0.014995417999898564, 8, 10, 5, 10, 2
17, 0.018328747999930783, 10, 10, 5, 10, 2
17, 0.029177358000197273, 15, 10, 5, 10, 2
17, 0.029959369000152947, 15, 10, 5, 10, 2
17, 0.023436805000073946, 11, 10, 5, 10, 2
17, 0.02674874799981808, 12, 10, 5, 10, 2
17, 0.01743551300000945, 11, 10, 5, 10, 2
17, 0.023344153999914852, 13, 10, 5, 10, 2
17, 0.023571956999830945, 12, 10, 5, 10, 2
17, 0.01627136000001883, 7, 10, 5, 10, 2
17, 0.02606576900006985, 14, 10, 5, 10, 2
17, 0.02718503200003397, 11, 10, 5, 10, 2
17, 0.027590568000050553, 14, 10, 5, 10, 2
17, 0.03103711700009626, 16, 10, 5, 10, 2
17, 0.025204656000141767, 14, 10, 5, 10, 2
17, 0.027069565999909173, 12, 10, 5, 10, 2
17, 0.03376360300012493, 16, 10, 5, 10, 2
17, 0.030214813999918988, 16, 10, 5, 10, 2
18, 0.021396887000037168, 11, 10, 5, 10, 2
18, 0.025009462000070926, 12, 10, 5, 10, 2
18, 0.03264877699984936, 17, 10, 5, 10, 2
18, 0.03231341299988344, 15, 10, 5, 10, 2
18, 0.02068748500005313, 11, 10, 5, 10, 2
18, 0.02980703799994444, 14, 10, 5, 10, 2
18, 0.021225923999963925, 13, 10, 5, 10, 2
18, 0.026602046000107293, 15, 10, 5, 10, 2
18, 0.02492214799985959, 13, 10, 5, 10, 2
18, 0.024721188000057737, 12, 10, 5, 10, 2
18, 0.031028846000026533, 16, 10, 5, 10, 2
18, 0.013747426000009, 6, 10, 5, 10, 2
18, 0.027833981999947355, 14, 10, 5, 10, 2
18, 0.025449177999917083, 13, 10, 5, 10, 2
18, 0.03244908800002122, 15, 10, 5, 10, 2
18, 0.008141883999996935, 5, 10, 5, 10, 2
18, 0.02900578100002349, 12, 10, 5, 10, 2
18, 0.027302534000000378, 12, 10, 5, 10, 2
18, 0.027219787000149154, 14, 10, 5, 10, 2
18, 0.025288074000172855, 13, 10, 5, 10, 2
18, 0.026480029000140348, 13, 10, 5, 10, 2
18, 0.031089637999912156, 16, 10, 5, 10, 2
18, 0.02762153000003309, 16, 10, 5, 10, 2
18, 0.02127149900002223, 11, 10, 5, 10, 2
18, 0.018221731000039654, 7, 10, 5, 10, 2
18, 0.02560821199995189, 13, 10, 5, 10, 2
18, 0.02771472599988556, 13, 10, 5, 10, 2
18, 0.025241976999950566, 11, 10, 5, 10, 2
18, 0.012501423000003342, 7, 10, 5, 10, 2
18, 0.020912353000085204, 10, 10, 5, 10, 2
18, 0.024388584999996965, 15, 10, 5, 10, 2
18, 0.024353157999939867, 12, 10, 5, 10, 2
18, 0.02206327399994734, 8, 10, 5, 10, 2
18, 0.023513480000019626, 11, 10, 5, 10, 2
18, 0.021087166999905094, 9, 10, 5, 10, 2
18, 0.02736118699999679, 15, 10, 5, 10, 2
18, 0.02946203700003025, 15, 10, 5, 10, 2
18, 0.02863028599995232, 13, 10, 5, 10, 2
18, 0.031019514000035997, 14, 10, 5, 10, 2
18, 0.02709804900018753, 12, 10, 5, 10, 2
18, 0.02422958500005734, 10, 10, 5, 10, 2
18, 0.032814889999826846, 13, 10, 5, 10, 2
18, 0.03361290300017572, 16, 10, 5, 10, 2
18, 0.025005674000112776, 14, 10, 5, 10, 2
18, 0.02136911799993868, 11, 10, 5, 10, 2
18, 0.029025285999978223, 12, 10, 5, 10, 2
18, 0.022898245000078532, 12, 10, 5, 10, 2
18, 0.025040966999995362, 11, 10, 5, 10, 2
18, 0.030906222999874444, 15, 10, 5, 10, 2
18, 0.01586639699985426, 6, 10, 5, 10, 2
19, 0.02313757899992197, 10, 10, 5, 10, 2
19, 0.02974798600007489, 14, 10, 5, 10, 2
19, 0.02828941699999632, 11, 10, 5, 10, 2
19, 0.022128467000129604, 10, 10, 5, 10, 2
19, 0.021157419000019217, 9, 10, 5, 10, 2
19, 0.026895094999872526, 12, 10, 5, 10, 2
19, 0.030047405999994226, 15, 10, 5, 10, 2
19, 0.031055811999976868, 14, 10, 5, 10, 2
19, 0.0313624840000557, 16, 10, 5, 10, 2
19, 0.02924882999991496, 13, 10, 5, 10, 2
19, 0.021445952000021862, 11, 10, 5, 10, 2
19, 0.020583177000162323, 9, 10, 5, 10, 2
19, 0.027193128000135403, 12, 10, 5, 10, 2
19, 0.024975753000035184, 12, 10, 5, 10, 2
19, 0.027664664999974775, 13, 10, 5, 10, 2
19, 0.03729664800016508, 16, 10, 5, 10, 2
19, 0.016040537999970184, 8, 10, 5, 10, 2
19, 0.03445178400011173, 16, 10, 5, 10, 2
19, 0.022111155999937182, 11, 10, 5, 10, 2
19, 0.018985016999977233, 9, 10, 5, 10, 2
19, 0.04128828599982626, 17, 10, 5, 10, 2
19, 0.021297106999782045, 10, 10, 5, 10, 2
19, 0.02506366199986587, 12, 10, 5, 10, 2
19, 0.030950255000107063, 16, 10, 5, 10, 2
19, 0.017700515999877098, 9, 10, 5, 10, 2
19, 0.03473255199992309, 12, 10, 5, 10, 2
19, 0.02469371699999101, 12, 10, 5, 10, 2
19, 0.014394805999927485, 7, 10, 5, 10, 2
19, 0.029793611000059173, 12, 10, 5, 10, 2
19, 0.034607902999823636, 17, 10, 5, 10, 2
19, 0.03887244699990333, 18, 10, 5, 10, 2
19, 0.030223397999861845, 12, 10, 5, 10, 2
19, 0.028896711000015785, 12, 10, 5, 10, 2
19, 0.026298365000002377, 13, 10, 5, 10, 2
19, 0.030803752000110762, 14, 10, 5, 10, 2
19, 0.012786851000100796, 7, 10, 5, 10, 2
19, 0.038358922000043094, 16, 10, 5, 10, 2
19, 0.03010186300002715, 15, 10, 5, 10, 2
19, 0.0459145869999702, 16, 10, 5, 10, 2
19, 0.027588357000013275, 13, 10, 5, 10, 2
19, 0.022074739000117916, 9, 10, 5, 10, 2
19, 0.03020083599994905, 13, 10, 5, 10, 2
19, 0.03342574699991019, 16, 10, 5, 10, 2
19, 0.026731100000006336, 13, 10, 5, 10, 2
19, 0.030725675999974555, 15, 10, 5, 10, 2
19, 0.011943114999894533, 6, 10, 5, 10, 2
19, 0.03314269900010913, 15, 10, 5, 10, 2
19, 0.011251076999997167, 4, 10, 5, 10, 2
19, 0.018836005999901317, 9, 10, 5, 10, 2
19, 0.04436218099999678, 15, 10, 5, 10, 2
20, 0.03138755400004811, 14, 10, 5, 10, 2
20, 0.020843190000050527, 10, 10, 5, 10, 2
20, 0.025338438000062524, 10, 10, 5, 10, 2
20, 0.029960379000158355, 11, 10, 5, 10, 2
20, 0.024677863000079014, 11, 10, 5, 10, 2
20, 0.03778332199999568, 15, 10, 5, 10, 2
20, 0.02658544099995197, 12, 10, 5, 10, 2
20, 0.01307318700014548, 6, 10, 5, 10, 2
20, 0.03610911599980682, 16, 10, 5, 10, 2
20, 0.024011561999941478, 12, 10, 5, 10, 2
20, 0.02928712799985078, 14, 10, 5, 10, 2
20, 0.026329242999963753, 12, 10, 5, 10, 2
20, 0.015202180999949633, 7, 10, 5, 10, 2
20, 0.01998482299995885, 8, 10, 5, 10, 2
20, 0.0381131120000191, 16, 10, 5, 10, 2
20, 0.020374418000074, 9, 10, 5, 10, 2
20, 0.01799220299994886, 8, 10, 5, 10, 2
20, 0.030420200999969893, 12, 10, 5, 10, 2
20, 0.02378240600000936, 11, 10, 5, 10, 2
20, 0.029551944000104413, 13, 10, 5, 10, 2
20, 0.028076139000177136, 12, 10, 5, 10, 2
20, 0.022715308999977424, 11, 10, 5, 10, 2
20, 0.02289772700009962, 10, 10, 5, 10, 2
20, 0.026956333000043742, 11, 10, 5, 10, 2
20, 0.019107998999970732, 9, 10, 5, 10, 2
20, 0.025503529999923558, 11, 10, 5, 10, 2
20, 0.03361785300012343, 15, 10, 5, 10, 2
20, 0.0357986169999549, 16, 10, 5, 10, 2
20, 0.03509463099999266, 14, 10, 5, 10, 2
20, 0.03333588299983603, 14, 10, 5, 10, 2
20, 0.03612787599990952, 15, 10, 5, 10, 2
20, 0.02943320400004268, 13, 10, 5, 10, 2
20, 0.020049814000003607, 10, 10, 5, 10, 2
20, 0.005353499999955602, 3, 10, 5, 10, 2
20, 0.03663940899991758, 16, 10, 5, 10, 2
20, 0.03331213599994953, 15, 10, 5, 10, 2
20, 0.022923613000102705, 12, 10, 5, 10, 2
20, 0.037156390000063766, 15, 10, 5, 10, 2
20, 0.024660507000135112, 11, 10, 5, 10, 2
20, 0.029226186000187226, 13, 10, 5, 10, 2
20, 0.034540899999910835, 11, 10, 5, 10, 2
20, 0.02335052800003723, 11, 10, 5, 10, 2
20, 0.024251324000033492, 10, 10, 5, 10, 2
20, 0.026816435000000638, 12, 10, 5, 10, 2
20, 0.024123800999859668, 11, 10, 5, 10, 2
20, 0.02322048399992127, 9, 10, 5, 10, 2
20, 0.031394544000022506, 12, 10, 5, 10, 2
20, 0.036101691999874674, 17, 10, 5, 10, 2
20, 0.028257889000087744, 12, 10, 5, 10, 2
20, 0.030685738000101992, 12, 10, 5, 10, 2
25, 0.04793831200004206, 14, 10, 5, 10, 2
25, 0.03922804199987695, 13, 10, 5, 10, 2
25, 0.04552148499988107, 14, 10, 5, 10, 2
25, 0.03029393999986496, 10, 10, 5, 10, 2
25, 0.05443259699995906, 16, 10, 5, 10, 2
25, 0.038791207000031136, 13, 10, 5, 10, 2
25, 0.0372027700000217, 12, 10, 5, 10, 2
25, 0.015539366999973936, 5, 10, 5, 10, 2
25, 0.04011122300016723, 13, 10, 5, 10, 2
25, 0.03298893800001679, 11, 10, 5, 10, 2
25, 0.054240674000084255, 17, 10, 5, 10, 2
25, 0.037622395999960645, 12, 10, 5, 10, 2
25, 0.04590672299991638, 13, 10, 5, 10, 2
25, 0.011586515000090003, 3, 10, 5, 10, 2
25, 0.03530284799990113, 10, 10, 5, 10, 2
25, 0.03899970699990263, 12, 10, 5, 10, 2
25, 0.05264209699998901, 16, 10, 5, 10, 2
25, 0.02030939600012971, 7, 10, 5, 10, 2
25, 0.03174720199990588, 10, 10, 5, 10, 2
25, 0.04851691099997879, 15, 10, 5, 10, 2
25, 0.03952991599999223, 13, 10, 5, 10, 2
25, 0.029286122000030446, 10, 10, 5, 10, 2
25, 0.054166980999980296, 16, 10, 5, 10, 2
25, 0.04794673599985799, 14, 10, 5, 10, 2
25, 0.045996417999958794, 13, 10, 5, 10, 2
25, 0.04517093499998737, 14, 10, 5, 10, 2
25, 0.04671641200002341, 15, 10, 5, 10, 2
25, 0.04006607099995563, 14, 10, 5, 10, 2
25, 0.022654618999922604, 7, 10, 5, 10, 2
25, 0.03375596599994424, 11, 10, 5, 10, 2
25, 0.05214878400011003, 15, 10, 5, 10, 2
25, 0.045367253999984314, 14, 10, 5, 10, 2
25, 0.04803771699994286, 15, 10, 5, 10, 2
25, 0.039106787000037, 12, 10, 5, 10, 2
25, 0.041155726999932085, 13, 10, 5, 10, 2
25, 0.03225156300004528, 10, 10, 5, 10, 2
25, 0.020209032000138905, 7, 10, 5, 10, 2
25, 0.047353633000057016, 14, 10, 5, 10, 2
25, 0.02961595900001157, 10, 10, 5, 10, 2
25, 0.04964897300010307, 14, 10, 5, 10, 2
25, 0.01984529800006385, 6, 10, 5, 10, 2
25, 0.048147237999955905, 15, 10, 5, 10, 2
25, 0.05126230200016835, 15, 10, 5, 10, 2
25, 0.022845035000045755, 7, 10, 5, 10, 2
25, 0.03210824000007051, 10, 10, 5, 10, 2
25, 0.0346411259999968, 12, 10, 5, 10, 2
25, 0.031141070000103355, 10, 10, 5, 10, 2
25, 0.02896198300004471, 10, 10, 5, 10, 2
25, 0.03029771100000289, 10, 10, 5, 10, 2
25, 0.027473651000036625, 9, 10, 5, 10, 2
30, 0.058549271999936536, 13, 10, 5, 10, 2
30, 0.051915016000066316, 12, 10, 5, 10, 2
30, 0.052066908000142575, 12, 10, 5, 10, 2
30, 0.06146737100016253, 14, 10, 5, 10, 2
30, 0.05728209199992307, 14, 10, 5, 10, 2
30, 0.06956816899992191, 16, 10, 5, 10, 2
30, 0.06586637899999914, 15, 10, 5, 10, 2
30, 0.057188723000081154, 13, 10, 5, 10, 2
30, 0.057630116999916936, 14, 10, 5, 10, 2
30, 0.05359721800004991, 12, 10, 5, 10, 2
30, 0.059580235999874276, 14, 10, 5, 10, 2
30, 0.0495987750000495, 11, 10, 5, 10, 2
30, 0.06708805600010237, 16, 10, 5, 10, 2
30, 0.06537996499992005, 16, 10, 5, 10, 2
30, 0.06195952899997792, 14, 10, 5, 10, 2
30, 0.055000802999984444, 12, 10, 5, 10, 2
30, 0.03752559100007602, 9, 10, 5, 10, 2
30, 0.06136969199997111, 14, 10, 5, 10, 2
30, 0.05833574400003272, 13, 10, 5, 10, 2
30, 0.03650013700007548, 9, 10, 5, 10, 2
30, 0.03299333299992213, 8, 10, 5, 10, 2
30, 0.0685833160000584, 16, 10, 5, 10, 2
30, 0.05324416899998141, 12, 10, 5, 10, 2
30, 0.06078983100019286, 14, 10, 5, 10, 2
30, 0.0199161959999401, 5, 10, 5, 10, 2
30, 0.04385601500007397, 10, 10, 5, 10, 2
30, 0.06934590700006993, 16, 10, 5, 10, 2
30, 0.03728087200011032, 9, 10, 5, 10, 2
30, 0.05541838299996016, 12, 10, 5, 10, 2
30, 0.06468358400002217, 15, 10, 5, 10, 2
30, 0.05311475299981794, 12, 10, 5, 10, 2
30, 0.046605765999856885, 11, 10, 5, 10, 2
30, 0.03229733300008775, 8, 10, 5, 10, 2
30, 0.05742028899999241, 13, 10, 5, 10, 2
30, 0.06586224700004095, 15, 10, 5, 10, 2
30, 0.0572217809999529, 13, 10, 5, 10, 2
30, 0.059751629999936995, 14, 10, 5, 10, 2
30, 0.008456539000007979, 2, 10, 5, 10, 2
30, 0.05416649099993265, 13, 10, 5, 10, 2
30, 0.06414195100001052, 16, 10, 5, 10, 2
30, 0.061419153999850096, 14, 10, 5, 10, 2
30, 0.06143404399995234, 14, 10, 5, 10, 2
30, 0.04981584600000133, 11, 10, 5, 10, 2
30, 0.06777372200008358, 16, 10, 5, 10, 2
30, 0.05552642500015281, 13, 10, 5, 10, 2
30, 0.05672301699996751, 13, 10, 5, 10, 2
30, 0.06982484699983615, 16, 10, 5, 10, 2
30, 0.05237793399987822, 13, 10, 5, 10, 2
30, 0.0601437079999414, 14, 10, 5, 10, 2
30, 0.03359679799996229, 8, 10, 5, 10, 2
35, 0.08916850500008877, 16, 10, 5, 10, 2
35, 0.06709319800006597, 12, 10, 5, 10, 2
35, 0.076790820000042, 14, 10, 5, 10, 2
35, 0.046093892000044434, 8, 10, 5, 10, 2
35, 0.05049887600011971, 9, 10, 5, 10, 2
35, 0.0830979429999843, 15, 10, 5, 10, 2
35, 0.09434605100000226, 15, 10, 5, 10, 2
35, 0.051019651999922644, 9, 10, 5, 10, 2
35, 0.06738676199984184, 12, 10, 5, 10, 2
35, 0.08789837800009082, 16, 10, 5, 10, 2
35, 0.07335932400019374, 13, 10, 5, 10, 2
35, 0.07934414200008177, 14, 10, 5, 10, 2
35, 0.0678289570000743, 11, 10, 5, 10, 2
35, 0.08992056100009904, 15, 10, 5, 10, 2
35, 0.10652366699991944, 19, 10, 5, 10, 2
35, 0.08488493499999095, 15, 10, 5, 10, 2
35, 0.07821156699992571, 14, 10, 5, 10, 2
35, 0.0677807770000527, 12, 10, 5, 10, 2
35, 0.062407350000057704, 11, 10, 5, 10, 2
35, 0.08384240200007298, 15, 10, 5, 10, 2
35, 0.07348454700013463, 13, 10, 5, 10, 2
35, 0.03775139399999716, 7, 10, 5, 10, 2
35, 0.08188932400003068, 14, 10, 5, 10, 2
35, 0.07849991299985959, 14, 10, 5, 10, 2
35, 0.05617966899990279, 10, 10, 5, 10, 2
35, 0.06679193299987674, 12, 10, 5, 10, 2
35, 0.07823224900016612, 14, 10, 5, 10, 2
35, 0.06263288500008457, 11, 10, 5, 10, 2
35, 0.010732722000057038, 2, 10, 5, 10, 2
35, 0.08772499099995912, 15, 10, 5, 10, 2
35, 0.07861069699993095, 14, 10, 5, 10, 2
35, 0.061786062000010133, 11, 10, 5, 10, 2
35, 0.08920289999991837, 15, 10, 5, 10, 2
35, 0.07198058899984972, 13, 10, 5, 10, 2
35, 0.08146426200005408, 15, 10, 5, 10, 2
35, 0.07998677000000498, 14, 10, 5, 10, 2
35, 0.08472929399999884, 15, 10, 5, 10, 2
35, 0.07727095599989298, 14, 10, 5, 10, 2
35, 0.08454100299991296, 15, 10, 5, 10, 2
35, 0.07371631000000889, 13, 10, 5, 10, 2
35, 0.08010378799986029, 14, 10, 5, 10, 2
35, 0.09888726200006204, 17, 10, 5, 10, 2
35, 0.0937173370000437, 16, 10, 5, 10, 2
35, 0.05544442199993682, 10, 10, 5, 10, 2
35, 0.07001015800005916, 12, 10, 5, 10, 2
35, 0.08150356000010106, 14, 10, 5, 10, 2
35, 0.08054693500002941, 14, 10, 5, 10, 2
35, 0.054617830000097456, 10, 10, 5, 10, 2
35, 0.0904257019999477, 17, 10, 5, 10, 2
35, 0.060886319000019284, 11, 10, 5, 10, 2
40, 0.10596961599981114, 15, 10, 5, 10, 2
40, 0.059231438999859165, 9, 10, 5, 10, 2
40, 0.09820778099992822, 13, 10, 5, 10, 2
40, 0.10284435499988831, 14, 10, 5, 10, 2
40, 0.06315121399984491, 9, 10, 5, 10, 2
40, 0.07887818799986235, 11, 10, 5, 10, 2
40, 0.11021110399997269, 15, 10, 5, 10, 2
40, 0.06670868299988797, 9, 10, 5, 10, 2
40, 0.059198379999997996, 8, 10, 5, 10, 2
40, 0.11629284100013138, 16, 10, 5, 10, 2
40, 0.0130201480001233, 2, 10, 5, 10, 2
40, 0.0902123200000915, 12, 10, 5, 10, 2
40, 0.10440457999993669, 14, 10, 5, 10, 2
40, 0.09733878900010495, 13, 10, 5, 10, 2
40, 0.10386888600010025, 14, 10, 5, 10, 2
40, 0.10396311900012734, 15, 10, 5, 10, 2
40, 0.013273991999994905, 2, 10, 5, 10, 2
40, 0.11171017900005609, 15, 10, 5, 10, 2
40, 0.10942954300003294, 15, 10, 5, 10, 2
40, 0.08994932199993855, 12, 10, 5, 10, 2
40, 0.06568500200000926, 9, 10, 5, 10, 2
40, 0.07918339799994101, 11, 10, 5, 10, 2
40, 0.06178836100002627, 9, 10, 5, 10, 2
40, 0.09783143399999972, 13, 10, 5, 10, 2
40, 0.05241278800008331, 7, 10, 5, 10, 2
40, 0.103703004999943, 14, 10, 5, 10, 2
40, 0.11033640999994532, 15, 10, 5, 10, 2
40, 0.0659811670000181, 9, 10, 5, 10, 2
40, 0.11030845100003717, 15, 10, 5, 10, 2
40, 0.09995344200001455, 14, 10, 5, 10, 2
40, 0.09777681200012012, 13, 10, 5, 10, 2
40, 0.06657906000009461, 10, 10, 5, 10, 2
40, 0.07376152699998784, 10, 10, 5, 10, 2
40, 0.09123319000013907, 12, 10, 5, 10, 2
40, 0.04909907499995825, 7, 10, 5, 10, 2
40, 0.09702658800006247, 13, 10, 5, 10, 2
40, 0.09713859599992247, 14, 10, 5, 10, 2
40, 0.05949193099991135, 8, 10, 5, 10, 2
40, 0.11170702100002927, 15, 10, 5, 10, 2
40, 0.09111382300011428, 12, 10, 5, 10, 2
40, 0.11570473300002959, 16, 10, 5, 10, 2
40, 0.10414229900015926, 14, 10, 5, 10, 2
40, 0.07610469800010833, 11, 10, 5, 10, 2
40, 0.09496552099994915, 13, 10, 5, 10, 2
40, 0.12382095799989656, 17, 10, 5, 10, 2
40, 0.09005710100018405, 13, 10, 5, 10, 2
40, 0.0970099289997961, 13, 10, 5, 10, 2
40, 0.08051391899994087, 11, 10, 5, 10, 2
40, 0.053943011000001206, 8, 10, 5, 10, 2
40, 0.09902167799987183, 13, 10, 5, 10, 2
45, 0.1246777800001837, 14, 10, 5, 10, 2
45, 0.10724644099991565, 12, 10, 5, 10, 2
45, 0.09006122600021627, 10, 10, 5, 10, 2
45, 0.15963308099981077, 18, 10, 5, 10, 2
45, 0.12498947800008864, 14, 10, 5, 10, 2
45, 0.11597577399993497, 13, 10, 5, 10, 2
45, 0.10020582800007105, 11, 10, 5, 10, 2
45, 0.09744163699997443, 10, 10, 5, 10, 2
45, 0.13226035000002412, 15, 10, 5, 10, 2
45, 0.14247038100006648, 16, 10, 5, 10, 2
45, 0.05734351800015247, 7, 10, 5, 10, 2
45, 0.11123410799996236, 12, 10, 5, 10, 2
45, 0.1161940389999927, 13, 10, 5, 10, 2
45, 0.12478568800020184, 14, 10, 5, 10, 2
45, 0.10844937599995319, 12, 10, 5, 10, 2
45, 0.11645241500013981, 13, 10, 5, 10, 2
45, 0.14520217499989485, 16, 10, 5, 10, 2
45, 0.07849448699994355, 9, 10, 5, 10, 2
45, 0.11729557000012392, 13, 10, 5, 10, 2
45, 0.10755698699995264, 12, 10, 5, 10, 2
45, 0.10861481400002049, 12, 10, 5, 10, 2
45, 0.08163610999986304, 9, 10, 5, 10, 2
45, 0.12491234499998427, 14, 10, 5, 10, 2
45, 0.1373593630000869, 15, 10, 5, 10, 2
45, 0.13722324399986974, 15, 10, 5, 10, 2
45, 0.07187454500012791, 8, 10, 5, 10, 2
45, 0.10150727499990353, 11, 10, 5, 10, 2
45, 0.0644853599999351, 7, 10, 5, 10, 2
45, 0.09261209399983272, 10, 10, 5, 10, 2
45, 0.11146376300007432, 12, 10, 5, 10, 2
45, 0.13713946699999724, 15, 10, 5, 10, 2
45, 0.1271157910000511, 14, 10, 5, 10, 2
45, 0.1112752219999038, 12, 10, 5, 10, 2
45, 0.11549584300018978, 14, 10, 5, 10, 2
45, 0.09055814500015913, 10, 10, 5, 10, 2
45, 0.14677693499993438, 16, 10, 5, 10, 2
45, 0.11760546499999691, 13, 10, 5, 10, 2
45, 0.0166406860000734, 2, 10, 5, 10, 2
45, 0.13532998900018356, 15, 10, 5, 10, 2
45, 0.07199497900001006, 8, 10, 5, 10, 2
45, 0.06333443900007296, 7, 10, 5, 10, 2
45, 0.12193797999998424, 14, 10, 5, 10, 2
45, 0.1163656850001189, 13, 10, 5, 10, 2
45, 0.13324552900007802, 14, 10, 5, 10, 2
45, 0.0460411879998901, 5, 10, 5, 10, 2
45, 0.11601472300003479, 13, 10, 5, 10, 2
45, 0.12287286300011147, 14, 10, 5, 10, 2
45, 0.07949238900005184, 9, 10, 5, 10, 2
45, 0.08161163600016152, 9, 10, 5, 10, 2
45, 0.1362272750000102, 15, 10, 5, 10, 2
50, 0.07601144000000204, 7, 10, 5, 10, 2
50, 0.15479179599992676, 14, 10, 5, 10, 2
50, 0.10267306800005827, 9, 10, 5, 10, 2
50, 0.14701767399992605, 14, 10, 5, 10, 2
50, 0.18135322100010853, 16, 10, 5, 10, 2
50, 0.12109091299998909, 11, 10, 5, 10, 2
50, 0.1677653049998753, 15, 10, 5, 10, 2
50, 0.09495859899993775, 9, 10, 5, 10, 2
50, 0.1462818889999653, 13, 10, 5, 10, 2
50, 0.14615697599992927, 13, 10, 5, 10, 2
50, 0.10471575699989444, 9, 10, 5, 10, 2
50, 0.1557709060000434, 15, 10, 5, 10, 2
50, 0.1663528500000666, 15, 10, 5, 10, 2
50, 0.13592442399999527, 12, 10, 5, 10, 2
50, 0.08100611500003652, 8, 10, 5, 10, 2
50, 0.12352479899982427, 11, 10, 5, 10, 2
50, 0.11184099100000822, 10, 10, 5, 10, 2
50, 0.143833364999864, 13, 10, 5, 10, 2
50, 0.18246539100005066, 16, 10, 5, 10, 2
50, 0.1595871839999745, 14, 10, 5, 10, 2
50, 0.13760198399995716, 13, 10, 5, 10, 2
50, 0.0659207090000109, 6, 10, 5, 10, 2
50, 0.1791567740001483, 16, 10, 5, 10, 2
50, 0.12486378299990974, 12, 10, 5, 10, 2
50, 0.15525019000006068, 15, 10, 5, 10, 2
50, 0.1019561429998248, 9, 10, 5, 10, 2
50, 0.16842514499990102, 15, 10, 5, 10, 2
50, 0.11047916600000462, 10, 10, 5, 10, 2
50, 0.14054249299988442, 13, 10, 5, 10, 2
50, 0.12056300299991562, 12, 10, 5, 10, 2
50, 0.13520486300012635, 12, 10, 5, 10, 2
50, 0.12283001800005877, 11, 10, 5, 10, 2
50, 0.13466772299989316, 12, 10, 5, 10, 2
50, 0.14689734900002804, 13, 10, 5, 10, 2
50, 0.15211777500007884, 14, 10, 5, 10, 2
50, 0.10275990699983595, 9, 10, 5, 10, 2
50, 0.1037245460001941, 10, 10, 5, 10, 2
50, 0.15480241099999148, 14, 10, 5, 10, 2
50, 0.11295124499997655, 10, 10, 5, 10, 2
50, 0.15815391600017392, 15, 10, 5, 10, 2
50, 0.1558393939999405, 14, 10, 5, 10, 2
50, 0.13598513800002365, 12, 10, 5, 10, 2
50, 0.12347090399998706, 11, 10, 5, 10, 2
50, 0.12594446200000675, 12, 10, 5, 10, 2
50, 0.14583296800014978, 14, 10, 5, 10, 2
50, 0.14692306999995708, 13, 10, 5, 10, 2
50, 0.08992358099999365, 8, 10, 5, 10, 2
50, 0.14805246399987482, 13, 10, 5, 10, 2
50, 0.16900749199999154, 15, 10, 5, 10, 2
50, 0.1559272049998981, 14, 10, 5, 10, 2
60, 0.18482608600015737, 12, 10, 5, 10, 2
60, 0.16822061499988195, 11, 10, 5, 10, 2
60, 0.2536680860000615, 17, 10, 5, 10, 2
60, 0.164301728999817, 11, 10, 5, 10, 2
60, 0.1261163110000325, 8, 10, 5, 10, 2
60, 0.13839305000010427, 9, 10, 5, 10, 2
60, 0.18220943599999373, 12, 10, 5, 10, 2
60, 0.19826204499986488, 13, 10, 5, 10, 2
60, 0.2095038800000566, 14, 10, 5, 10, 2
60, 0.22661868699992738, 15, 10, 5, 10, 2
60, 0.20973778699999457, 14, 10, 5, 10, 2
60, 0.1229122219999681, 8, 10, 5, 10, 2
60, 0.16776486300000215, 11, 10, 5, 10, 2
60, 0.15176656999983607, 10, 10, 5, 10, 2
60, 0.21110489099987717, 14, 10, 5, 10, 2
60, 0.2114780710001014, 14, 10, 5, 10, 2
60, 0.18353332699985003, 12, 10, 5, 10, 2
60, 0.1375911879999876, 9, 10, 5, 10, 2
60, 0.10977510399993662, 7, 10, 5, 10, 2
60, 0.21327909399997225, 14, 10, 5, 10, 2
60, 0.18079209500001525, 12, 10, 5, 10, 2
60, 0.14078132199983884, 9, 10, 5, 10, 2
60, 0.22861543799990613, 15, 10, 5, 10, 2
60, 0.16685876799988364, 11, 10, 5, 10, 2
60, 0.15347281899994414, 10, 10, 5, 10, 2
60, 0.18236587299998064, 12, 10, 5, 10, 2
60, 0.24250761899997997, 16, 10, 5, 10, 2
60, 0.21422405299995262, 14, 10, 5, 10, 2
60, 0.22414291299992328, 15, 10, 5, 10, 2
60, 0.2225376960000176, 15, 10, 5, 10, 2
60, 0.19831434699995043, 13, 10, 5, 10, 2
60, 0.19885949399986202, 13, 10, 5, 10, 2
60, 0.1984975039999881, 13, 10, 5, 10, 2
60, 0.16499393799995232, 11, 10, 5, 10, 2
60, 0.1969989300000634, 13, 10, 5, 10, 2
60, 0.19753150399992592, 13, 10, 5, 10, 2
60, 0.22297115100013798, 15, 10, 5, 10, 2
60, 0.22482044600019435, 15, 10, 5, 10, 2
60, 0.18498987499992836, 12, 10, 5, 10, 2
60, 0.19670091099987985, 13, 10, 5, 10, 2
60, 0.07559225399995739, 5, 10, 5, 10, 2
60, 0.18184421999990263, 12, 10, 5, 10, 2
60, 0.24183564700001625, 16, 10, 5, 10, 2
60, 0.1373635859999922, 9, 10, 5, 10, 2
60, 0.20646877399985897, 14, 10, 5, 10, 2
60, 0.2130700049999632, 14, 10, 5, 10, 2
60, 0.2385269359999711, 16, 10, 5, 10, 2
60, 0.2427951029999349, 16, 10, 5, 10, 2
60, 0.1382528019998972, 9, 10, 5, 10, 2
60, 0.1821323819999634, 12, 10, 5, 10, 2
70, 0.2694362350000574, 13, 10, 5, 10, 2
70, 0.2839891969999826, 13, 10, 5, 10, 2
70, 0.23151823600005628, 11, 10, 5, 10, 2
70, 0.35527452000019366, 17, 10, 5, 10, 2
70, 0.1731743559998904, 8, 10, 5, 10, 2
70, 0.2811778050001976, 14, 10, 5, 10, 2
70, 0.1924840670001231, 9, 10, 5, 10, 2
70, 0.12444564799989166, 6, 10, 5, 10, 2
70, 0.2545934180000131, 12, 10, 5, 10, 2
70, 0.3169306120000783, 15, 10, 5, 10, 2
70, 0.2807700840000962, 13, 10, 5, 10, 2
70, 0.32191350999983115, 15, 10, 5, 10, 2
70, 0.34083293399999093, 16, 10, 5, 10, 2
70, 0.323212705999822, 15, 10, 5, 10, 2
70, 0.0770391200001086, 4, 10, 5, 10, 2
70, 0.25979153600019345, 12, 10, 5, 10, 2
70, 0.2810338670001329, 13, 10, 5, 10, 2
70, 0.19198533000007956, 9, 10, 5, 10, 2
70, 0.3124898559999565, 15, 10, 5, 10, 2
70, 0.15889953500004594, 8, 10, 5, 10, 2
70, 0.3082791490001, 14, 10, 5, 10, 2
70, 0.30633746900002734, 15, 10, 5, 10, 2
70, 0.2756422190000194, 13, 10, 5, 10, 2
70, 0.347154909999972, 16, 10, 5, 10, 2
70, 0.2449035920001279, 12, 10, 5, 10, 2
70, 0.25712945899999795, 13, 10, 5, 10, 2
70, 0.3008518400001776, 14, 10, 5, 10, 2
70, 0.20459141800006364, 10, 10, 5, 10, 2
70, 0.28145891799999845, 13, 10, 5, 10, 2
70, 0.24611747900007686, 11, 10, 5, 10, 2
70, 0.1751581600001373, 8, 10, 5, 10, 2
70, 0.34654875600017476, 16, 10, 5, 10, 2
70, 0.36310802799994235, 17, 10, 5, 10, 2
70, 0.2054463020001549, 10, 10, 5, 10, 2
70, 0.30764921600007256, 14, 10, 5, 10, 2
70, 0.21100654499991833, 10, 10, 5, 10, 2
70, 0.1720400570000038, 8, 10, 5, 10, 2
70, 0.2832808489999934, 13, 10, 5, 10, 2
70, 0.19449776700002985, 9, 10, 5, 10, 2
70, 0.28508995900006084, 13, 10, 5, 10, 2
70, 0.26549756700001126, 13, 10, 5, 10, 2
70, 0.23612417899994398, 11, 10, 5, 10, 2
70, 0.2990588719999323, 14, 10, 5, 10, 2
70, 0.30034208100005344, 14, 10, 5, 10, 2
70, 0.3299219349999021, 15, 10, 5, 10, 2
70, 0.32424777799997173, 15, 10, 5, 10, 2
70, 0.1930196349999278, 9, 10, 5, 10, 2
70, 0.23496062100002746, 11, 10, 5, 10, 2
70, 0.2804475039999943, 13, 10, 5, 10, 2
70, 0.2672107009998399, 13, 10, 5, 10, 2
80, 0.381667736000054, 15, 10, 5, 10, 2
80, 0.3901144700000714, 15, 10, 5, 10, 2
80, 0.39537222900003144, 16, 10, 5, 10, 2
80, 0.40746917000001304, 16, 10, 5, 10, 2
80, 0.34039432500003386, 14, 10, 5, 10, 2
80, 0.303053552999927, 12, 10, 5, 10, 2
80, 0.35007848700001887, 14, 10, 5, 10, 2
80, 0.3805088379999688, 15, 10, 5, 10, 2
80, 0.2515311280001242, 10, 10, 5, 10, 2
80, 0.3760992179998084, 15, 10, 5, 10, 2
80, 0.283600073000116, 11, 10, 5, 10, 2
80, 0.2263867270000901, 9, 10, 5, 10, 2
80, 0.34578823600008946, 14, 10, 5, 10, 2
80, 0.22807750900005885, 9, 10, 5, 10, 2
80, 0.27190924999990784, 11, 10, 5, 10, 2
80, 0.3292952100000548, 13, 10, 5, 10, 2
80, 0.22989725700017516, 9, 10, 5, 10, 2
80, 0.3067279999997936, 12, 10, 5, 10, 2
80, 0.30782057800001894, 12, 10, 5, 10, 2
80, 0.376674433000062, 15, 10, 5, 10, 2
80, 0.29965731000015694, 12, 10, 5, 10, 2
80, 0.22759626499987462, 9, 10, 5, 10, 2
80, 0.3276082039999437, 13, 10, 5, 10, 2
80, 0.3768037270001514, 15, 10, 5, 10, 2
80, 0.27736966499992377, 11, 10, 5, 10, 2
80, 0.3063291290000052, 12, 10, 5, 10, 2
80, 0.3029416110000511, 12, 10, 5, 10, 2
80, 0.3956608910000341, 16, 10, 5, 10, 2
80, 0.32972372999984145, 13, 10, 5, 10, 2
80, 0.3558109240000249, 14, 10, 5, 10, 2
80, 0.20199451400003454, 8, 10, 5, 10, 2
80, 0.3122169569999187, 12, 10, 5, 10, 2
80, 0.3295298569998977, 13, 10, 5, 10, 2
80, 0.2277158449999206, 9, 10, 5, 10, 2
80, 0.27648287700003493, 11, 10, 5, 10, 2
80, 0.2500825669999358, 10, 10, 5, 10, 2
80, 0.36299404800001867, 14, 10, 5, 10, 2
80, 0.37402904800001124, 15, 10, 5, 10, 2
80, 0.438471570000047, 17, 10, 5, 10, 2
80, 0.20017433599991818, 8, 10, 5, 10, 2
80, 0.32469130499998755, 13, 10, 5, 10, 2
80, 0.34953494399997, 14, 10, 5, 10, 2
80, 0.3209891080000489, 13, 10, 5, 10, 2
80, 0.37494152399995073, 15, 10, 5, 10, 2
80, 0.202323510000042, 8, 10, 5, 10, 2
80, 0.35521304100007, 14, 10, 5, 10, 2
80, 0.38004838100005145, 15, 10, 5, 10, 2
80, 0.3310819509999874, 13, 10, 5, 10, 2
80, 0.3504827199999454, 14, 10, 5, 10, 2
80, 0.2752604689999316, 11, 10, 5, 10, 2
90, 0.37523389800003315, 12, 10, 5, 10, 2
90, 0.5008761010001308, 16, 10, 5, 10, 2
90, 0.468271409999943, 15, 10, 5, 10, 2
90, 0.5112263759999678, 16, 10, 5, 10, 2
90, 0.38196999000001597, 12, 10, 5, 10, 2
90, 0.31389392999994925, 10, 10, 5, 10, 2
90, 0.5017097319998811, 16, 10, 5, 10, 2
90, 0.4675862669998878, 15, 10, 5, 10, 2
90, 0.43938893799986545, 14, 10, 5, 10, 2
90, 0.5231861839999965, 17, 10, 5, 10, 2
90, 0.43653578200019183, 14, 10, 5, 10, 2
90, 0.438714076999986, 14, 10, 5, 10, 2
90, 0.27657119000014063, 9, 10, 5, 10, 2
90, 0.4806074829998579, 15, 10, 5, 10, 2
90, 0.4407183210000767, 14, 10, 5, 10, 2
90, 0.47035940099999607, 15, 10, 5, 10, 2
90, 0.4154604320001454, 13, 10, 5, 10, 2
90, 0.4117147899999054, 13, 10, 5, 10, 2
90, 0.3138582310000402, 10, 10, 5, 10, 2
90, 0.4518717700000252, 14, 10, 5, 10, 2
90, 0.24463534599999548, 8, 10, 5, 10, 2
90, 0.4042951029998676, 13, 10, 5, 10, 2
90, 0.47439723599995887, 15, 10, 5, 10, 2
90, 0.22468897399994603, 7, 10, 5, 10, 2
90, 0.40729093200002353, 13, 10, 5, 10, 2
90, 0.34576536500003385, 11, 10, 5, 10, 2
90, 0.47620850799989967, 15, 10, 5, 10, 2
90, 0.37723989999994956, 12, 10, 5, 10, 2
90, 0.4408718750000844, 14, 10, 5, 10, 2
90, 0.3773224310000387, 12, 10, 5, 10, 2
90, 0.41470767500004513, 13, 10, 5, 10, 2
90, 0.2595173589998012, 8, 10, 5, 10, 2
90, 0.31577823799989346, 10, 10, 5, 10, 2
90, 0.21962177199998223, 7, 10, 5, 10, 2
90, 0.4097314030000234, 13, 10, 5, 10, 2
90, 0.3110969599999862, 10, 10, 5, 10, 2
90, 0.28054636600018057, 9, 10, 5, 10, 2
90, 0.4203088009999192, 13, 10, 5, 10, 2
90, 0.5023280499999601, 14, 10, 5, 10, 2
90, 0.44319141999994827, 13, 10, 5, 10, 2
90, 0.43673076499999297, 13, 10, 5, 10, 2
90, 0.44263830499994583, 14, 10, 5, 10, 2
90, 0.4181166820001181, 13, 10, 5, 10, 2
90, 0.5288939489998938, 16, 10, 5, 10, 2
90, 0.4144435859998339, 13, 10, 5, 10, 2
90, 0.29044513700000607, 9, 10, 5, 10, 2
90, 0.41191279500003475, 13, 10, 5, 10, 2
90, 0.4139483530000234, 13, 10, 5, 10, 2
90, 0.4747679879999396, 15, 10, 5, 10, 2
90, 0.22997110400001475, 7, 10, 5, 10, 2
100, 0.46514902800004165, 12, 10, 5, 10, 2
100, 0.580724643999929, 15, 10, 5, 10, 2
100, 0.38050385499991535, 10, 10, 5, 10, 2
100, 0.5047372970000197, 13, 10, 5, 10, 2
100, 0.5735680990001129, 15, 10, 5, 10, 2
100, 0.4960571910000908, 13, 10, 5, 10, 2
100, 0.498303567999983, 13, 10, 5, 10, 2
100, 0.5061601610000253, 13, 10, 5, 10, 2
100, 0.4707903169999099, 12, 10, 5, 10, 2
100, 0.5452130599999236, 14, 10, 5, 10, 2
100, 0.5768469550000646, 15, 10, 5, 10, 2
100, 0.4556319440000607, 12, 10, 5, 10, 2
100, 0.6715182550001373, 17, 10, 5, 10, 2
100, 0.5437747270000273, 14, 10, 5, 10, 2
100, 0.2652759100001276, 7, 10, 5, 10, 2
100, 0.6190793910000139, 16, 10, 5, 10, 2
100, 0.46554891900018447, 12, 10, 5, 10, 2
100, 0.6181534720001309, 16, 10, 5, 10, 2
100, 0.5072466250001071, 13, 10, 5, 10, 2
100, 0.42214966799997455, 11, 10, 5, 10, 2
100, 0.3882307609999316, 10, 10, 5, 10, 2
100, 0.5771494369998891, 15, 10, 5, 10, 2
100, 0.5331803689998651, 14, 10, 5, 10, 2
100, 0.38069168499987427, 10, 10, 5, 10, 2
100, 0.572697043000062, 15, 10, 5, 10, 2
100, 0.5438026580000042, 14, 10, 5, 10, 2
100, 0.3911785569998756, 10, 10, 5, 10, 2
100, 0.5058754819999649, 13, 10, 5, 10, 2
100, 0.6753841970000849, 17, 10, 5, 10, 2
100, 0.30857611800001905, 8, 10, 5, 10, 2
100, 0.5808168670000668, 14, 10, 5, 10, 2
100, 0.5565395920000356, 14, 10, 5, 10, 2
100, 0.5722358419998272, 15, 10, 5, 10, 2
100, 0.5059037460000582, 13, 10, 5, 10, 2
100, 0.3772699560001911, 10, 10, 5, 10, 2
100, 0.4571290600001703, 12, 10, 5, 10, 2
100, 0.4207211059999736, 11, 10, 5, 10, 2
100, 0.4280168699999649, 11, 10, 5, 10, 2
100, 0.5428111910000553, 14, 10, 5, 10, 2
100, 0.31229615200004446, 8, 10, 5, 10, 2
100, 0.41802957699997023, 11, 10, 5, 10, 2
100, 0.3884610249999696, 10, 10, 5, 10, 2
100, 0.4609527799998432, 12, 10, 5, 10, 2
100, 0.5402787560001343, 14, 10, 5, 10, 2
100, 0.654186306000156, 17, 10, 5, 10, 2
100, 0.5769569560000036, 15, 10, 5, 10, 2
100, 0.45547635200000514, 12, 10, 5, 10, 2
100, 0.6280313080001179, 16, 10, 5, 10, 2
100, 0.3510584860000563, 9, 10, 5, 10, 2
100, 0.4650539570000092, 12, 10, 5, 10, 2
125, 0.719519936999859, 12, 10, 5, 10, 2
125, 0.9665000560000863, 16, 10, 5, 10, 2
125, 0.707938170000034, 12, 10, 5, 10, 2
125, 0.7716021319999982, 13, 10, 5, 10, 2
125, 0.9928809790001196, 17, 10, 5, 10, 2
125, 0.6641970110001694, 11, 10, 5, 10, 2
125, 0.8900186779999331, 15, 10, 5, 10, 2
125, 0.7172565060000125, 12, 10, 5, 10, 2
125, 0.6468083169997954, 11, 10, 5, 10, 2
125, 0.840003716999945, 14, 10, 5, 10, 2
125, 0.5999315570002182, 10, 10, 5, 10, 2
125, 0.5464982660000715, 9, 10, 5, 10, 2
125, 0.8375834270000269, 14, 10, 5, 10, 2
125, 0.7599171550000392, 13, 10, 5, 10, 2
125, 0.9476222710000002, 16, 10, 5, 10, 2
125, 0.6433112919999076, 11, 10, 5, 10, 2
125, 1.05076810200012, 18, 10, 5, 10, 2
125, 0.4765183070001058, 8, 10, 5, 10, 2
125, 0.8858098789999076, 15, 10, 5, 10, 2
125, 0.6547073770000225, 11, 10, 5, 10, 2
125, 0.714056864999975, 12, 10, 5, 10, 2
125, 0.6612017509999077, 11, 10, 5, 10, 2
125, 0.9614160759999777, 16, 10, 5, 10, 2
125, 0.8144950910000262, 14, 10, 5, 10, 2
125, 0.5298265050000737, 9, 10, 5, 10, 2
125, 0.894344528000147, 15, 10, 5, 10, 2
125, 0.6668925870001203, 11, 10, 5, 10, 2
125, 0.7853217379999933, 13, 10, 5, 10, 2
125, 0.9475426860001335, 16, 10, 5, 10, 2
125, 0.6625009990000308, 11, 10, 5, 10, 2
125, 0.8802287610001258, 15, 10, 5, 10, 2
125, 0.7164608939999653, 12, 10, 5, 10, 2
125, 0.4804005270000289, 8, 10, 5, 10, 2
125, 0.7199797890000355, 12, 10, 5, 10, 2
125, 0.7763678029998573, 13, 10, 5, 10, 2
125, 0.5893214559998796, 10, 10, 5, 10, 2
125, 0.5307217020001644, 9, 10, 5, 10, 2
125, 0.7646875919999729, 13, 10, 5, 10, 2
125, 0.8445377479999934, 14, 10, 5, 10, 2
125, 0.8979008329999942, 15, 10, 5, 10, 2
125, 0.894182389999969, 15, 10, 5, 10, 2
125, 0.5324796039999455, 9, 10, 5, 10, 2
125, 0.8439784170000166, 14, 10, 5, 10, 2
125, 0.7745633389999966, 13, 10, 5, 10, 2
125, 0.9436523280000984, 16, 10, 5, 10, 2
125, 0.9537602839998272, 16, 10, 5, 10, 2
125, 0.765069191000066, 13, 10, 5, 10, 2
125, 0.5989606219998223, 10, 10, 5, 10, 2
125, 0.6573567800001001, 11, 10, 5, 10, 2
125, 0.8282140399999207, 14, 10, 5, 10, 2
150, 1.1235708310000518, 13, 10, 5, 10, 2
150, 0.8990972450001209, 10, 10, 5, 10, 2
150, 1.302570697999954, 15, 10, 5, 10, 2
150, 1.1460064550001334, 13, 10, 5, 10, 2
150, 1.5238130379998438, 17, 10, 5, 10, 2
150, 0.6206213240000125, 7, 10, 5, 10, 2
150, 0.8074116229997799, 9, 10, 5, 10, 2
150, 1.271733900000072, 14, 10, 5, 10, 2
150, 1.0759153280000646, 12, 10, 5, 10, 2
150, 1.3441800310001781, 15, 10, 5, 10, 2
150, 1.3617001090001395, 15, 10, 5, 10, 2
150, 1.4521764030000668, 16, 10, 5, 10, 2
150, 1.14091760600013, 13, 10, 5, 10, 2
150, 1.2455383080000502, 14, 10, 5, 10, 2
150, 1.295606141999997, 14, 10, 5, 10, 2
150, 0.9890239460000885, 11, 10, 5, 10, 2
150, 1.1636025339998923, 13, 10, 5, 10, 2
150, 1.1872778770000423, 13, 10, 5, 10, 2
150, 1.3207931700001154, 15, 10, 5, 10, 2
150, 1.2907420419999198, 14, 10, 5, 10, 2
150, 1.3632136310000078, 15, 10, 5, 10, 2
150, 0.5569150170001649, 6, 10, 5, 10, 2
150, 0.8775154170000405, 10, 10, 5, 10, 2
150, 1.2422678049999831, 14, 10, 5, 10, 2
150, 0.9185473550001007, 10, 10, 5, 10, 2
150, 1.0264417340001728, 12, 10, 5, 10, 2
150, 1.4219921149999664, 16, 10, 5, 10, 2
150, 0.7871884429998772, 9, 10, 5, 10, 2
150, 1.130174501999818, 13, 10, 5, 10, 2
150, 1.1716524399998889, 13, 10, 5, 10, 2
150, 0.9877153560000806, 11, 10, 5, 10, 2
150, 1.102151289999938, 12, 10, 5, 10, 2
150, 1.3645980769999824, 15, 10, 5, 10, 2
150, 1.4347968459999265, 16, 10, 5, 10, 2
150, 1.2837759179999466, 14, 10, 5, 10, 2
150, 1.243937305999907, 14, 10, 5, 10, 2
150, 0.9606821770000806, 11, 10, 5, 10, 2
150, 1.1566467909999574, 13, 10, 5, 10, 2
150, 1.2735250690000157, 14, 10, 5, 10, 2
150, 0.8027769060001901, 9, 10, 5, 10, 2
150, 1.1957579230002011, 13, 10, 5, 10, 2
150, 0.8852638079999906, 10, 10, 5, 10, 2
150, 0.9321415510000861, 10, 10, 5, 10, 2
150, 1.142791779999925, 13, 10, 5, 10, 2
150, 0.8118998779998492, 9, 10, 5, 10, 2
150, 1.4400858359999802, 16, 10, 5, 10, 2
150, 1.1638716249999561, 13, 10, 5, 10, 2
150, 1.113822424000091, 13, 10, 5, 10, 2
150, 1.2590809939999872, 14, 10, 5, 10, 2
150, 0.5419533609999689, 6, 10, 5, 10, 2
175, 1.6291892320000443, 13, 10, 5, 10, 2
175, 1.1365341349999198, 9, 10, 5, 10, 2
175, 1.616474466999989, 13, 10, 5, 10, 2
175, 1.6175335969999196, 13, 10, 5, 10, 2
175, 1.9964703210000607, 16, 10, 5, 10, 2
175, 1.8917543769998701, 15, 10, 5, 10, 2
175, 1.611990612999989, 13, 10, 5, 10, 2
175, 1.2634807279998768, 10, 10, 5, 10, 2
175, 1.0001748489999045, 8, 10, 5, 10, 2
175, 1.133385058000158, 9, 10, 5, 10, 2
175, 1.7444365690000723, 14, 10, 5, 10, 2
175, 1.8715139789999284, 15, 10, 5, 10, 2
175, 1.8655012659999102, 15, 10, 5, 10, 2
175, 0.9926639150000938, 8, 10, 5, 10, 2
175, 1.7440970049999578, 14, 10, 5, 10, 2
175, 2.0032854119999683, 16, 10, 5, 10, 2
175, 1.7701539459999367, 14, 10, 5, 10, 2
175, 1.6122684930001014, 13, 10, 5, 10, 2
175, 1.8970042640000884, 15, 10, 5, 10, 2
175, 1.7715539900000294, 14, 10, 5, 10, 2
175, 2.152452736999976, 17, 10, 5, 10, 2
175, 3.154486393999832, 15, 10, 5, 10, 2
175, 1.8833378850001736, 15, 10, 5, 10, 2
175, 1.7547017099998357, 14, 10, 5, 10, 2
175, 1.1546804599997813, 9, 10, 5, 10, 2
175, 1.614495795999801, 12, 10, 5, 10, 2
175, 2.121503884999811, 15, 10, 5, 10, 2
175, 1.5677557440001237, 12, 10, 5, 10, 2
175, 1.9667510029998994, 15, 10, 5, 10, 2
175, 1.7347605339998609, 14, 10, 5, 10, 2
175, 1.7763563210000939, 14, 10, 5, 10, 2
175, 2.053696145999993, 16, 10, 5, 10, 2
175, 1.7872649079999974, 14, 10, 5, 10, 2
175, 1.3992617920000612, 11, 10, 5, 10, 2
175, 0.8964572340000814, 7, 10, 5, 10, 2
175, 1.8134287099999256, 14, 10, 5, 10, 2
175, 2.0929270990000077, 16, 10, 5, 10, 2
175, 1.8968392389999735, 15, 10, 5, 10, 2
175, 1.0244779810000182, 8, 10, 5, 10, 2
175, 0.8840231819999644, 7, 10, 5, 10, 2
175, 1.3878212110000732, 11, 10, 5, 10, 2
175, 2.142247281999971, 17, 10, 5, 10, 2
175, 1.5000128319998112, 12, 10, 5, 10, 2
175, 1.873650858000019, 15, 10, 5, 10, 2
175, 2.0070441579998715, 16, 10, 5, 10, 2
175, 1.7365562719999161, 14, 10, 5, 10, 2
175, 1.62721079500011, 13, 10, 5, 10, 2
175, 1.2555486019998625, 10, 10, 5, 10, 2
175, 1.8921962700001131, 15, 10, 5, 10, 2
175, 1.6230465339999682, 13, 10, 5, 10, 2
200, 2.201793388000169, 14, 10, 5, 10, 2
200, 2.0355025799999567, 13, 10, 5, 10, 2
200, 2.354696530999945, 15, 10, 5, 10, 2
200, 1.8871940190001624, 12, 10, 5, 10, 2
200, 2.211339274000011, 14, 10, 5, 10, 2
200, 2.6741672379998818, 17, 10, 5, 10, 2
200, 2.062088743000004, 13, 10, 5, 10, 2
200, 1.850220962000094, 12, 10, 5, 10, 2
200, 2.5205347300000085, 16, 10, 5, 10, 2
200, 2.1779988929999945, 14, 10, 5, 10, 2
200, 2.3459828019999804, 15, 10, 5, 10, 2
200, 1.2509006850000333, 8, 10, 5, 10, 2
200, 2.4815996360000554, 16, 10, 5, 10, 2
200, 1.877806210000017, 12, 10, 5, 10, 2
200, 2.3140733790000922, 15, 10, 5, 10, 2
200, 2.6764574750000065, 17, 10, 5, 10, 2
200, 2.203701977000037, 14, 10, 5, 10, 2
200, 2.481450386000006, 16, 10, 5, 10, 2
200, 1.5655513789999986, 10, 10, 5, 10, 2
200, 2.02890781699989, 13, 10, 5, 10, 2
200, 2.0667566229999466, 13, 10, 5, 10, 2
200, 2.0348167780000495, 13, 10, 5, 10, 2
200, 2.663014394999891, 17, 10, 5, 10, 2
200, 2.352728587999991, 15, 10, 5, 10, 2
200, 2.2375955879999765, 14, 10, 5, 10, 2
200, 0.15770932400005222, 1, 10, 5, 10, 2
200, 1.8881161480001083, 12, 10, 5, 10, 2
200, 1.410161831999858, 9, 10, 5, 10, 2
200, 2.025364239000055, 13, 10, 5, 10, 2
200, 2.6679865030000656, 17, 10, 5, 10, 2
200, 2.171402184000044, 14, 10, 5, 10, 2
200, 2.516632725000136, 16, 10, 5, 10, 2
200, 1.715020258000095, 11, 10, 5, 10, 2
200, 2.058497797999962, 13, 10, 5, 10, 2
200, 2.0724595990000125, 13, 10, 5, 10, 2
200, 0.9399117979999119, 6, 10, 5, 10, 2
200, 2.521888681999826, 16, 10, 5, 10, 2
200, 2.2081309949999195, 14, 10, 5, 10, 2
200, 1.8840790560000187, 12, 10, 5, 10, 2
200, 2.489748277999979, 16, 10, 5, 10, 2
200, 0.15635727600010796, 1, 10, 5, 10, 2
200, 2.2017676829998436, 14, 10, 5, 10, 2
200, 2.539351054000008, 16, 10, 5, 10, 2
200, 2.344758981000041, 15, 10, 5, 10, 2
200, 2.1855940389998523, 14, 10, 5, 10, 2
200, 1.897773536999921, 12, 10, 5, 10, 2
200, 2.517684548000034, 16, 10, 5, 10, 2
200, 2.0429161110000678, 13, 10, 5, 10, 2
200, 1.8829624960001183, 12, 10, 5, 10, 2
200, 1.9096804829998746, 12, 10, 5, 10, 2
